{
  "conservative": {
    "precision": 0.6829268292682927,
    "recall": 0.8115942028985508,
    "f1-score": 0.7417218543046358,
    "support": 138
  },
  "dressy": {
    "precision": 0.9411764705882353,
    "recall": 0.9552238805970149,
    "f1-score": 0.9481481481481482,
    "support": 134
  },
  "ethnic": {
    "precision": 0.8153846153846154,
    "recall": 0.8217054263565892,
    "f1-score": 0.8185328185328187,
    "support": 129
  },
  "fairy": {
    "precision": 0.9448275862068966,
    "recall": 0.958041958041958,
    "f1-score": 0.9513888888888888,
    "support": 143
  },
  "feminine": {
    "precision": 0.8476190476190476,
    "recall": 0.7355371900826446,
    "f1-score": 0.7876106194690266,
    "support": 121
  },
  "gal": {
    "precision": 0.8472222222222222,
    "recall": 0.8531468531468531,
    "f1-score": 0.8501742160278747,
    "support": 143
  },
  "girlish": {
    "precision": 0.6706586826347305,
    "recall": 0.6746987951807228,
    "f1-score": 0.6726726726726726,
    "support": 166
  },
  "kireime-casual": {
    "precision": 0.7368421052631579,
    "recall": 0.620253164556962,
    "f1-score": 0.6735395189003437,
    "support": 158
  },
  "lolita": {
    "precision": 0.950920245398773,
    "recall": 0.96875,
    "f1-score": 0.9597523219814241,
    "support": 160
  },
  "mode": {
    "precision": 0.85,
    "recall": 0.7484276729559748,
    "f1-score": 0.7959866220735785,
    "support": 159
  },
  "natural": {
    "precision": 0.6993865030674846,
    "recall": 0.8837209302325582,
    "f1-score": 0.7808219178082191,
    "support": 129
  },
  "retro": {
    "precision": 0.8301886792452831,
    "recall": 0.6929133858267716,
    "f1-score": 0.7553648068669528,
    "support": 127
  },
  "rock": {
    "precision": 0.7883211678832117,
    "recall": 0.8925619834710744,
    "f1-score": 0.8372093023255814,
    "support": 121
  },
  "street": {
    "precision": 0.912751677852349,
    "recall": 0.8831168831168831,
    "f1-score": 0.8976897689768978,
    "support": 154
  },
  "accuracy": 0.8193743693239153,
  "macro avg": {
    "precision": 0.8227304166167357,
    "recall": 0.8214065947474685,
    "f1-score": 0.8193295340697901,
    "support": 1982
  },
  "weighted avg": {
    "precision": 0.822918398751497,
    "recall": 0.8193743693239153,
    "f1-score": 0.8185336378634308,
    "support": 1982
  }
}