{
  "train_loss": [
    2.122536229607762,
    1.3460763149079464,
    1.0479134434486086,
    0.9008413562285279,
    0.7997617676316771,
    0.733392691401246,
    0.6711045131302813,
    0.6225083848414379,
    0.5824476013146985,
    0.5501936439661008,
    0.5114724317322962,
    0.4956671631837402,
    0.46416686044298566,
    0.44571162728577096,
    0.4259393585438387,
    0.4093912693959308,
    0.38251175518695685,
    0.3665819782347051,
    0.34359060591591406
  ],
  "val_loss": [
    1.3345272823732146,
    0.9275467376535764,
    0.7595427743902601,
    0.7235634729085729,
    0.662209629837713,
    0.6018131152453233,
    0.5802301435809353,
    0.5716300527598074,
    0.6613729219530323,
    0.5729114651383022,
    0.573179369518866,
    0.5493576806813937,
    0.5597882531828827,
    0.5571409205277145,
    0.5786382160015596,
    0.5668003951631887,
    0.563772088093763,
    0.5912608057014995,
    0.5791332730574098
  ],
  "val_macro_f1": [
    0.528566851086378,
    0.679601287444671,
    0.7199953207906241,
    0.7400914671861957,
    0.7693610578031027,
    0.792974609531509,
    0.7983305022527685,
    0.8035276587288227,
    0.7892014388806983,
    0.8096400859241487,
    0.8043003245205521,
    0.8122052606768191,
    0.8137559695677761,
    0.82128068982607,
    0.8105430954043573,
    0.8151407413421694,
    0.815100601597259,
    0.8204539551456066,
    0.8174897700934383
  ],
  "train_acc": [
    0.28125,
    0.5151384083044983,
    0.6251081314878892,
    0.6904195501730104,
    0.71875,
    0.7471885813148789,
    0.7744377162629758,
    0.7873053633217993,
    0.8043901384083045,
    0.8157439446366782,
    0.8273140138408305,
    0.8352076124567474,
    0.8471020761245674,
    0.8493728373702422,
    0.8572664359861591,
    0.8673226643598616,
    0.8740268166089965,
    0.8795415224913494,
    0.885705017301038
  ],
  "val_acc": [
    0.5625630676084763,
    0.6892028254288597,
    0.7260343087790111,
    0.7441977800201817,
    0.7729566094853683,
    0.7951564076690212,
    0.7996972754793138,
    0.8047426841574168,
    0.7916246215943491,
    0.8107971745711403,
    0.8037336024217961,
    0.8133198789101918,
    0.8148335015136225,
    0.8208879919273461,
    0.8118062563067608,
    0.8148335015136225,
    0.8148335015136225,
    0.8188698284561049,
    0.8168516649848637
  ]
}