{
  "train_loss": [
    2.1152150407175703,
    1.387484043295202,
    1.011831685475309,
    0.7841966885905778,
    0.6148803440086982,
    0.4864053233916578,
    0.3881866853026783,
    0.33013662007543865,
    0.307577614927065,
    0.2955283017951518,
    0.24840948533485918,
    0.24756004002628443,
    0.19492430966927518
  ],
  "val_loss": [
    1.3622780884310648,
    1.1846666154418777,
    1.2583990421834075,
    1.1339935402336083,
    1.331388484006212,
    1.3000000917346157,
    1.2558725094338117,
    1.3615974742396688,
    1.2882991077079542,
    1.448872980568652,
    1.4470021959871624,
    1.53538849417545,
    1.5990593644492441
  ],
  "val_macro_f1": [
    0.5513984644887914,
    0.6054669896517207,
    0.6105532718958608,
    0.6571642762858442,
    0.6479392023807363,
    0.6653821377350188,
    0.6547378297400729,
    0.6804708437814225,
    0.6750071836103465,
    0.6607811277759953,
    0.6423647942644679,
    0.673192663963092,
    0.6415702319886689
  ],
  "train_acc": [
    0.31131055363321797,
    0.5679065743944637,
    0.6958261245674741,
    0.7724913494809689,
    0.821583044982699,
    0.8605103806228374,
    0.8918685121107266,
    0.907439446366782,
    0.917711937716263,
    0.9249567474048442,
    0.9347967128027682,
    0.9427984429065744,
    0.9487456747404844
  ],
  "val_acc": [
    0.562058526740666,
    0.6135216952573158,
    0.6226034308779012,
    0.6559031281533805,
    0.6458123107971746,
    0.656912209889001,
    0.6584258324924319,
    0.6801210898082745,
    0.6750756811301716,
    0.6564076690211907,
    0.6473259334006054,
    0.6740665993945509,
    0.6518668012108981
  ]
}