{
  "train_loss": [
    1.8792996930416068,
    0.9699753692251176,
    0.5130833269944447,
    0.26849285682025253,
    0.15861135436331525,
    0.09965244690955304,
    0.06697364217218231,
    0.056451130271679806,
    0.05712976735923117,
    0.05575989729444461,
    0.05043547416176763,
    0.034819279471895684,
    0.03807147719919888,
    0.04469914992169113
  ],
  "val_loss": [
    1.1597900237854266,
    0.8529340108155482,
    0.8257891995875554,
    0.9918146050421429,
    1.0988583907590264,
    1.09481410602508,
    1.2959373378609311,
    1.3487576640217624,
    1.3104827192909903,
    1.3671371839361643,
    1.6202404815421696,
    1.4561310365390103,
    1.5901817646926395,
    1.4035957497737241
  ],
  "val_macro_f1": [
    0.5998462937622486,
    0.7109720634501773,
    0.7551867564597003,
    0.7226464372417517,
    0.753474971495992,
    0.7583191835057911,
    0.7551028976244786,
    0.7593364812391863,
    0.7680678229977852,
    0.7529510773052374,
    0.7301442346124348,
    0.7666136207478862,
    0.7427345552815536,
    0.7570925223817655
  ],
  "train_acc": [
    0.37532439446366783,
    0.6731185121107266,
    0.8380190311418685,
    0.9243079584775087,
    0.9602076124567474,
    0.9750216262975778,
    0.9835640138408305,
    0.9875648788927336,
    0.985726643598616,
    0.9871323529411765,
    0.9881055363321799,
    0.9908088235294118,
    0.9907006920415224,
    0.989294982698962
  ],
  "val_acc": [
    0.6170534813319879,
    0.7159434914228052,
    0.7552976791120081,
    0.7320887991927346,
    0.7522704339051464,
    0.7563067608476287,
    0.7537840565085772,
    0.7573158425832492,
    0.7648839556004037,
    0.748234106962664,
    0.7280524722502523,
    0.7648839556004037,
    0.743188698284561,
    0.7527749747729566
  ]
}