{
  "train_loss": [
    1.8873002130061285,
    0.9542037124864783,
    0.4885615337910743,
    0.27524045072367037,
    0.14543049672947211,
    0.10496870371606523,
    0.08153031879849088,
    0.06239143471559026,
    0.05583863307087067,
    0.045932152472874695,
    0.03933426226041309,
    0.04664471165428525
  ],
  "val_loss": [
    1.1372100491336088,
    0.825651530631255,
    0.8510485191037268,
    0.968462618280251,
    0.9917543939447292,
    1.2117248089710584,
    1.0837795850487217,
    1.4075448878116974,
    1.3701927112763153,
    1.6323409656102192,
    1.5221639185331979,
    1.6783912225758448
  ],
  "val_macro_f1": [
    0.6384898665876905,
    0.7281967103246167,
    0.7448974964359454,
    0.7496914116977944,
    0.7638543317319045,
    0.7474543797055437,
    0.7725874571120472,
    0.7212309521096328,
    0.7616309289425895,
    0.7262526188548205,
    0.7545124574930524,
    0.7331379688627208
  ],
  "train_acc": [
    0.3771626297577855,
    0.6806877162629758,
    0.8459126297577855,
    0.922469723183391,
    0.96280276816609,
    0.9740484429065744,
    0.9810769896193772,
    0.9843209342560554,
    0.9872404844290658,
    0.9894031141868512,
    0.9891868512110726,
    0.9899437716262975
  ],
  "val_acc": [
    0.6478304742684158,
    0.7255297679112008,
    0.7416750756811302,
    0.7497477295660948,
    0.7588294651866802,
    0.7487386478304743,
    0.7704339051463168,
    0.722502522704339,
    0.7598385469223007,
    0.7265388496468214,
    0.751765893037336,
    0.7320887991927346
  ]
}