{
  "conservative": {
    "precision": 0.5990338164251208,
    "recall": 0.8985507246376812,
    "f1-score": 0.7188405797101449,
    "support": 138
  },
  "dressy": {
    "precision": 0.9492753623188406,
    "recall": 0.9776119402985075,
    "f1-score": 0.9632352941176471,
    "support": 134
  },
  "ethnic": {
    "precision": 0.8888888888888888,
    "recall": 0.8682170542635659,
    "f1-score": 0.8784313725490195,
    "support": 129
  },
  "fairy": {
    "precision": 0.9379310344827586,
    "recall": 0.951048951048951,
    "f1-score": 0.9444444444444445,
    "support": 143
  },
  "feminine": {
    "precision": 0.7686567164179104,
    "recall": 0.8512396694214877,
    "f1-score": 0.8078431372549021,
    "support": 121
  },
  "gal": {
    "precision": 0.810126582278481,
    "recall": 0.8951048951048951,
    "f1-score": 0.8504983388704319,
    "support": 143
  },
  "girlish": {
    "precision": 0.7829457364341085,
    "recall": 0.608433734939759,
    "f1-score": 0.6847457627118644,
    "support": 166
  },
  "kireime-casual": {
    "precision": 0.6946564885496184,
    "recall": 0.5759493670886076,
    "f1-score": 0.629757785467128,
    "support": 158
  },
  "lolita": {
    "precision": 0.9745222929936306,
    "recall": 0.95625,
    "f1-score": 0.9652996845425867,
    "support": 160
  },
  "mode": {
    "precision": 0.8300653594771242,
    "recall": 0.7987421383647799,
    "f1-score": 0.8141025641025641,
    "support": 159
  },
  "natural": {
    "precision": 0.8412698412698413,
    "recall": 0.8217054263565892,
    "f1-score": 0.8313725490196078,
    "support": 129
  },
  "retro": {
    "precision": 0.8571428571428571,
    "recall": 0.8031496062992126,
    "f1-score": 0.8292682926829269,
    "support": 127
  },
  "rock": {
    "precision": 0.8319327731092437,
    "recall": 0.8181818181818182,
    "f1-score": 0.825,
    "support": 121
  },
  "street": {
    "precision": 0.9428571428571428,
    "recall": 0.8571428571428571,
    "f1-score": 0.8979591836734694,
    "support": 154
  },
  "accuracy": 0.8299697275479314,
  "macro avg": {
    "precision": 0.8363789209032549,
    "recall": 0.8343805845106224,
    "f1-score": 0.8314856420819099,
    "support": 1982
  },
  "weighted avg": {
    "precision": 0.8367252412560034,
    "recall": 0.8299697275479314,
    "f1-score": 0.8293398810825082,
    "support": 1982
  }
}