{
  "train_loss": [
    2.1303268211239557,
    1.3657627842746753,
    1.0785357866163936,
    0.9039960252862281,
    0.8004643154631862,
    0.7434860803366149,
    0.6740573882338813,
    0.624224743948223,
    0.6002940710332985,
    0.5819508799762226,
    0.5420468035864773,
    0.5158269352111526,
    0.4770473032785895,
    0.4702814838607794,
    0.4489593065282455,
    0.41206212408986703,
    0.4070030727353385,
    0.3747604368832087,
    0.36722203168530376,
    0.34857684737840405
  ],
  "val_loss": [
    1.3669083906952235,
    0.9278132067438812,
    0.7384899760531609,
    0.6574786849748475,
    0.6216596134916684,
    0.6397030300410947,
    0.5515594218268344,
    0.5198323651462207,
    0.5555142931749163,
    0.545863728350034,
    0.5576006879815766,
    0.5095604771447926,
    0.5133305893257997,
    0.5423442124300772,
    0.52918826890912,
    0.5407063323076613,
    0.5245133619186939,
    0.5207308749893848,
    0.5426163488508444,
    0.5393635510921847
  ],
  "val_macro_f1": [
    0.5271870311705781,
    0.6797659083311458,
    0.7395108503086368,
    0.7732146033341187,
    0.777416065267937,
    0.7792641551450465,
    0.8089355719376313,
    0.8174656809379633,
    0.8089871918517785,
    0.8058143821765757,
    0.8043168636108649,
    0.8251132818876383,
    0.8295586086615724,
    0.8170576645279242,
    0.8168668987337357,
    0.8264122764680134,
    0.830367546718084,
    0.8211424482579408,
    0.8296772280253738,
    0.8291438545387698
  ],
  "train_acc": [
    0.2663278546712803,
    0.5046496539792388,
    0.6127811418685121,
    0.6829584775086506,
    0.7248053633217993,
    0.7413494809688581,
    0.7749783737024222,
    0.7873053633217993,
    0.7958477508650519,
    0.8080666089965398,
    0.8230968858131488,
    0.8323961937716263,
    0.8420198961937716,
    0.844939446366782,
    0.8568339100346021,
    0.8613754325259516,
    0.865484429065744,
    0.8769463667820069,
    0.8794333910034602,
    0.8859212802768166
  ],
  "val_acc": [
    0.562058526740666,
    0.6881937436932392,
    0.7441977800201817,
    0.7739656912209889,
    0.777497477295661,
    0.7825428859737639,
    0.8102926337033299,
    0.8178607467204844,
    0.8087790110998991,
    0.8072653884964682,
    0.8062563067608476,
    0.8249243188698284,
    0.8299697275479314,
    0.8188698284561049,
    0.8183652875882946,
    0.8264379414732593,
    0.8304742684157417,
    0.8213925327951564,
    0.8304742684157417,
    0.8289606458123108
  ]
}