{
  "train_loss": [
    2.413647344780628,
    1.6183205294361576,
    1.2524127532247853,
    1.0678515281644247,
    0.9484252106256551,
    0.8653038234343579,
    0.8013861926214505,
    0.7670886194443002,
    0.732096530677538,
    0.705485444722188,
    0.6729133403940597,
    0.6607186069718488,
    0.6388170964835425,
    0.6177568200550277,
    0.5977777082692174,
    0.5907513473479393,
    0.5745890540776575,
    0.5605177557076549,
    0.5576231617570748,
    0.536527329134178
  ],
  "val_loss": [
    1.8671532561391682,
    1.1519398769865603,
    0.906052929060731,
    0.7728914094019369,
    0.6935657756600443,
    0.6418744367138529,
    0.6006619624124405,
    0.5783493555518381,
    0.5581042561473327,
    0.5390446151181018,
    0.5261425703433159,
    0.5187800583456889,
    0.5066866007991564,
    0.4989621749920272,
    0.4924858908059017,
    0.48905303117966675,
    0.4831854261375219,
    0.4783378965498581,
    0.4751637919639603,
    0.46950898239037586
  ],
  "val_macro_f1": [
    0.5941337041662275,
    0.7159555733289064,
    0.765049739709594,
    0.7808896952313445,
    0.796976756035667,
    0.8024408376888855,
    0.8120159791065974,
    0.8108511002530774,
    0.8175010075680783,
    0.8203484562921303,
    0.8251104077755291,
    0.8256685819746777,
    0.8296675596559597,
    0.8319693668779197,
    0.8342101230141192,
    0.8337205261018116,
    0.835721668006889,
    0.8363436431982605,
    0.8396507436456025,
    0.8354841570076444
  ],
  "train_acc": [
    0.2664359861591695,
    0.5050821799307958,
    0.5870458477508651,
    0.6431660899653979,
    0.6812283737024222,
    0.7098832179930796,
    0.7306444636678201,
    0.7414576124567474,
    0.7550821799307958,
    0.7628676470588235,
    0.7706531141868512,
    0.7768166089965398,
    0.7856833910034602,
    0.791955017301038,
    0.795090830449827,
    0.801794982698962,
    0.8092560553633218,
    0.809364186851211,
    0.8123918685121108,
    0.8182309688581315
  ],
  "val_acc": [
    0.6165489404641776,
    0.7255297679112008,
    0.7684157416750756,
    0.784561049445005,
    0.7991927346115035,
    0.8047426841574168,
    0.8133198789101918,
    0.8133198789101918,
    0.8193743693239153,
    0.8218970736629667,
    0.8269424823410696,
    0.8269424823410696,
    0.8314833501513622,
    0.8329969727547931,
    0.8350151362260343,
    0.834510595358224,
    0.8365287588294652,
    0.8375378405650857,
    0.8400605449041373,
    0.8365287588294652
  ]
}