{
  "train_loss": [
    2.4101127175723804,
    1.615127288758961,
    1.2313397045675858,
    1.059153144412181,
    0.9400666023517562,
    0.8636090864385494,
    0.796777406984547,
    0.7648957099984673,
    0.7251948545006939,
    0.6810726440772672,
    0.6562893975229618,
    0.6523060401753364,
    0.6223998499009435,
    0.5990259587945204,
    0.5913962338209977,
    0.5778302240433577,
    0.5693351266112914,
    0.5588394693875601,
    0.5422701421467697,
    0.5309627260561632
  ],
  "val_loss": [
    1.8761008501534024,
    1.1749462431783513,
    0.9290950113059774,
    0.8008086607085708,
    0.7243028302967368,
    0.672963432298539,
    0.6327103559382629,
    0.606825710831569,
    0.5879776318426931,
    0.5693443105993069,
    0.5557803050300066,
    0.543587183149383,
    0.5347142286906931,
    0.5258928235436063,
    0.5219220092029553,
    0.5150174263387347,
    0.5118066005777158,
    0.5043729743370495,
    0.5009228702029355,
    0.4975344300435482
  ],
  "val_macro_f1": [
    0.5602964359336358,
    0.7035495454673873,
    0.7434184126193356,
    0.763560069113866,
    0.7797246975034545,
    0.7859116477966814,
    0.7995100613211014,
    0.79798132407206,
    0.79733718391713,
    0.8055751120036737,
    0.8039704704711699,
    0.8072729906186668,
    0.8117149443293931,
    0.8108584220364446,
    0.814330683716414,
    0.8146427173801892,
    0.8164461623415553,
    0.8203142834969637,
    0.8230640650349218,
    0.820468963493286
  ],
  "train_acc": [
    0.2671929065743945,
    0.5030276816608996,
    0.5955882352941176,
    0.6496539792387543,
    0.6849048442906575,
    0.7068555363321799,
    0.7344290657439446,
    0.7451340830449827,
    0.7540008650519031,
    0.7754108996539792,
    0.7808174740484429,
    0.7793036332179931,
    0.790765570934256,
    0.799848615916955,
    0.8007136678200693,
    0.8059039792387543,
    0.8094723183391004,
    0.8122837370242214,
    0.8185553633217993,
    0.8240700692041523
  ],
  "val_acc": [
    0.58627648839556,
    0.7098890010090817,
    0.7462159434914228,
    0.7658930373360242,
    0.781029263370333,
    0.7880928355196771,
    0.8002018163471241,
    0.7991927346115035,
    0.798183652875883,
    0.8062563067608476,
    0.8047426841574168,
    0.8082744702320888,
    0.8123107971745711,
    0.8113017154389506,
    0.8143289606458123,
    0.8148335015136225,
    0.8163471241170535,
    0.8203834510595358,
    0.8218970736629667,
    0.8203834510595358
  ]
}