{
  "conservative": 1.0273272606087536,
  "dressy": 1.05019305019305,
  "ethnic": 1.097294731846227,
  "fairy": 0.9888793840889649,
  "feminine": 1.171225937183384,
  "gal": 0.9888793840889649,
  "girlish": 0.854555535021253,
  "kireime-casual": 0.8950832365466512,
  "lolita": 0.8878648233486943,
  "mode": 0.8890597961930398,
  "natural": 1.0954750059227671,
  "retro": 1.1177181532511482,
  "rock": 1.165028974552784,
  "street": 0.9238761238761238
}