{
  "conservative": {
    "precision": 0.7189542483660131,
    "recall": 0.8029197080291971,
    "f1-score": 0.7586206896551725,
    "support": 137
  },
  "dressy": {
    "precision": 0.9626865671641791,
    "recall": 0.9555555555555556,
    "f1-score": 0.9591078066914499,
    "support": 135
  },
  "ethnic": {
    "precision": 0.9069767441860465,
    "recall": 0.9069767441860465,
    "f1-score": 0.9069767441860465,
    "support": 129
  },
  "fairy": {
    "precision": 0.9315068493150684,
    "recall": 0.951048951048951,
    "f1-score": 0.9411764705882353,
    "support": 143
  },
  "feminine": {
    "precision": 0.7443609022556391,
    "recall": 0.8181818181818182,
    "f1-score": 0.7795275590551181,
    "support": 121
  },
  "gal": {
    "precision": 0.8768115942028986,
    "recall": 0.8461538461538461,
    "f1-score": 0.8612099644128114,
    "support": 143
  },
  "girlish": {
    "precision": 0.7638888888888888,
    "recall": 0.6626506024096386,
    "f1-score": 0.7096774193548386,
    "support": 166
  },
  "kireime-casual": {
    "precision": 0.7733333333333333,
    "recall": 0.7341772151898734,
    "f1-score": 0.7532467532467533,
    "support": 158
  },
  "lolita": {
    "precision": 0.9386503067484663,
    "recall": 0.95625,
    "f1-score": 0.9473684210526315,
    "support": 160
  },
  "mode": {
    "precision": 0.9194630872483222,
    "recall": 0.8616352201257862,
    "f1-score": 0.8896103896103895,
    "support": 159
  },
  "natural": {
    "precision": 0.855072463768116,
    "recall": 0.9147286821705426,
    "f1-score": 0.8838951310861423,
    "support": 129
  },
  "retro": {
    "precision": 0.875,
    "recall": 0.8267716535433071,
    "f1-score": 0.8502024291497976,
    "support": 127
  },
  "rock": {
    "precision": 0.816793893129771,
    "recall": 0.8842975206611571,
    "f1-score": 0.8492063492063492,
    "support": 121
  },
  "street": {
    "precision": 0.922077922077922,
    "recall": 0.922077922077922,
    "f1-score": 0.922077922077922,
    "support": 154
  },
  "accuracy": 0.8577194752774975,
  "macro avg": {
    "precision": 0.8575412000489046,
    "recall": 0.8602446742381172,
    "f1-score": 0.8579931463838327,
    "support": 1982
  },
  "weighted avg": {
    "precision": 0.8586018850951358,
    "recall": 0.8577194752774975,
    "f1-score": 0.8572519020410652,
    "support": 1982
  }
}