{
  "train_loss": [
    2.2271241852465797,
    1.4337134834340286,
    1.1312832586969988,
    0.9675594759834318,
    0.8684367395963223,
    0.7937668085768561,
    0.7382831445195838,
    0.7007595686134028,
    0.6692680897820373,
    0.6395159804521637,
    0.6174253752589255,
    0.5878362388849668,
    0.5788604118963977,
    0.5625009013834944,
    0.5416152466185563,
    0.528465450630172,
    0.516779202310478,
    0.5002639130842276,
    0.4819195856690986,
    0.48315013181686056
  ],
  "val_loss": [
    1.5067952640362152,
    1.0257674161528965,
    0.8164653660190093,
    0.7020944318575286,
    0.6360181322251752,
    0.6002465656626778,
    0.5659605932659747,
    0.5503332073585055,
    0.5285961881249872,
    0.521459126626973,
    0.5122904446366968,
    0.5038229291534989,
    0.4929353350465206,
    0.4872582675118514,
    0.480596281993123,
    0.4821881003791558,
    0.47783487394365637,
    0.4727454653656341,
    0.4705057115393656,
    0.4657012708884533
  ],
  "val_macro_f1": [
    0.5737398143784684,
    0.719645653829394,
    0.7452048305000781,
    0.7742542468179767,
    0.7886456231784056,
    0.8008430280552121,
    0.803179112848518,
    0.807057216804857,
    0.8185722778337462,
    0.8193945274054926,
    0.8157414917046932,
    0.8161303037610603,
    0.8269729579390777,
    0.8277766957034365,
    0.8265887984988493,
    0.8279242330016074,
    0.8246920109066141,
    0.8295280704509391,
    0.8313965336912474,
    0.8330166436148092
  ],
  "train_acc": [
    0.297469723183391,
    0.5220588235294118,
    0.6125648788927336,
    0.6718209342560554,
    0.7008001730103807,
    0.7291306228373703,
    0.746864186851211,
    0.7625432525951558,
    0.7682742214532872,
    0.7831963667820069,
    0.7895761245674741,
    0.796280276816609,
    0.7972534602076125,
    0.8048226643598616,
    0.8145544982698962,
    0.8193122837370242,
    0.8228806228373703,
    0.8278546712802768,
    0.8375865051903114,
    0.8372621107266436
  ],
  "val_acc": [
    0.6099899091826438,
    0.7245206861755802,
    0.7507568113017155,
    0.7759838546922301,
    0.7906155398587286,
    0.801715438950555,
    0.8037336024217961,
    0.8077699293642785,
    0.8178607467204844,
    0.8193743693239153,
    0.8153380423814329,
    0.8168516649848637,
    0.8264379414732593,
    0.8279515640766902,
    0.8264379414732593,
    0.8269424823410696,
    0.8239152371342079,
    0.8279515640766902,
    0.8304742684157417,
    0.8319878910191726
  ]
}