{
  "train_loss": [
    1.9000948802616358,
    0.9761219412397761,
    0.5202669435564209,
    0.2715801425200845,
    0.15126826993115633,
    0.09674994592074704,
    0.07135355280499557,
    0.051296314707986214,
    0.04191762416472072
  ],
  "val_loss": [
    1.1947884198755596,
    0.8838731138605163,
    0.8131800308808549,
    0.894435867291286,
    1.0819824977837105,
    1.1666095347625818,
    1.2315625823812426,
    1.380301691509039,
    1.560425903012729
  ],
  "val_macro_f1": [
    0.6142027928662186,
    0.7079158189797828,
    0.7486596000712193,
    0.7634418038842855,
    0.7565751079944804,
    0.7611610349050258,
    0.7541229876661161,
    0.761102863842743,
    0.7481905935345992
  ],
  "train_acc": [
    0.36213235294117646,
    0.6707396193771626,
    0.8413711072664359,
    0.924848615916955,
    0.9625865051903114,
    0.9779411764705882,
    0.9815095155709342,
    0.989294982698962,
    0.9903762975778547
  ],
  "val_acc": [
    0.624117053481332,
    0.7063572149344097,
    0.7472250252270434,
    0.7613521695257316,
    0.7552976791120081,
    0.7558022199798183,
    0.7522704339051464,
    0.7558022199798183,
    0.743188698284561
  ]
}