{
  "conservative": {
    "precision": 0.7553956834532374,
    "recall": 0.7608695652173914,
    "f1-score": 0.7581227436823105,
    "support": 138
  },
  "dressy": {
    "precision": 0.9635036496350365,
    "recall": 0.9850746268656716,
    "f1-score": 0.9741697416974171,
    "support": 134
  },
  "ethnic": {
    "precision": 0.9051724137931034,
    "recall": 0.813953488372093,
    "f1-score": 0.8571428571428572,
    "support": 129
  },
  "fairy": {
    "precision": 0.8805031446540881,
    "recall": 0.9790209790209791,
    "f1-score": 0.9271523178807948,
    "support": 143
  },
  "feminine": {
    "precision": 0.768,
    "recall": 0.7933884297520661,
    "f1-score": 0.7804878048780488,
    "support": 121
  },
  "gal": {
    "precision": 0.9098360655737705,
    "recall": 0.7762237762237763,
    "f1-score": 0.8377358490566038,
    "support": 143
  },
  "girlish": {
    "precision": 0.696551724137931,
    "recall": 0.608433734939759,
    "f1-score": 0.6495176848874599,
    "support": 166
  },
  "kireime-casual": {
    "precision": 0.6307692307692307,
    "recall": 0.7784810126582279,
    "f1-score": 0.6968838526912181,
    "support": 158
  },
  "lolita": {
    "precision": 0.98,
    "recall": 0.91875,
    "f1-score": 0.9483870967741935,
    "support": 160
  },
  "mode": {
    "precision": 0.8741258741258742,
    "recall": 0.7861635220125787,
    "f1-score": 0.827814569536424,
    "support": 159
  },
  "natural": {
    "precision": 0.860655737704918,
    "recall": 0.813953488372093,
    "f1-score": 0.8366533864541832,
    "support": 129
  },
  "retro": {
    "precision": 0.8046875,
    "recall": 0.8110236220472441,
    "f1-score": 0.8078431372549021,
    "support": 127
  },
  "rock": {
    "precision": 0.7098765432098766,
    "recall": 0.9426229508196722,
    "f1-score": 0.8098591549295775,
    "support": 122
  },
  "street": {
    "precision": 0.920863309352518,
    "recall": 0.8366013071895425,
    "f1-score": 0.8767123287671232,
    "support": 153
  },
  "accuracy": 0.8254288597376388,
  "macro avg": {
    "precision": 0.8328529197435417,
    "recall": 0.8288971788207925,
    "f1-score": 0.8277487518309367,
    "support": 1982
  },
  "weighted avg": {
    "precision": 0.8329262904795455,
    "recall": 0.8254288597376388,
    "f1-score": 0.8260874620548775,
    "support": 1982
  }
}