{
  "train_loss": [
    2.133495356281736,
    1.3352083349310404,
    1.0396630630625419,
    0.8703355622031906,
    0.780372841624063,
    0.7062214283747147,
    0.6597007810704936,
    0.6118048775151503,
    0.5796416676350488,
    0.5453881981499532,
    0.5005143621656882,
    0.48530462031564064,
    0.4536393832661164,
    0.44208817419231566,
    0.42106547863047433,
    0.393185948215983,
    0.3800212724848635,
    0.3562566776303306,
    0.3383958075452024,
    0.3304659072896026
  ],
  "val_loss": [
    1.32053497298334,
    0.9328131923521563,
    0.7806931651572346,
    0.6722765995525989,
    0.6565216394737138,
    0.6343980433248306,
    0.6066055904743078,
    0.5775076906581144,
    0.5588843523140331,
    0.5769833627031923,
    0.557280305138198,
    0.5597478384382301,
    0.5777139624812867,
    0.5473118862564799,
    0.5587555101377688,
    0.5396726529924979,
    0.5396086302035306,
    0.5448609143167811,
    0.5894132961883697,
    0.5467668366496871
  ],
  "val_macro_f1": [
    0.5166462820186338,
    0.6730986975409571,
    0.7146477513116211,
    0.7568279680876676,
    0.7648066974237703,
    0.7870513008641987,
    0.7929561589028082,
    0.7925120765740798,
    0.8081354318855514,
    0.7935318805301189,
    0.8053923145782045,
    0.819221004676393,
    0.8103671077002732,
    0.8146324535928876,
    0.8267450103298087,
    0.8288491079811455,
    0.8220820475007138,
    0.8172631444775715,
    0.8155893470817316,
    0.8234846262864102
  ],
  "train_acc": [
    0.2735726643598616,
    0.5245458477508651,
    0.6278114186851211,
    0.698961937716263,
    0.7298875432525952,
    0.761461937716263,
    0.7777897923875432,
    0.7951989619377162,
    0.8086072664359861,
    0.8166089965397924,
    0.8339100346020761,
    0.8381271626297578,
    0.8502378892733564,
    0.8536980968858131,
    0.8582396193771626,
    0.8663494809688581,
    0.8746756055363322,
    0.8832179930795848,
    0.8875432525951558,
    0.8925173010380623
  ],
  "val_acc": [
    0.5529767911200807,
    0.6841574167507568,
    0.7235116044399597,
    0.7583249243188698,
    0.7674066599394551,
    0.7850655903128153,
    0.7926337033299697,
    0.7941473259334006,
    0.8082744702320888,
    0.7966700302724521,
    0.8062563067608476,
    0.8188698284561049,
    0.8107971745711403,
    0.8168516649848637,
    0.8249243188698284,
    0.82744702320888,
    0.8213925327951564,
    0.8178607467204844,
    0.8158425832492432,
    0.8239152371342079
  ]
}