{
  "train_loss": [
    2.599859082575075,
    2.253976451896879,
    1.7968173480776355,
    1.3932458492298851,
    1.0844473823466723,
    0.8457464865154255,
    0.6979671704959911,
    0.5478148809972518,
    0.42506693993214917,
    0.34476692339076714,
    0.3324695197691348
  ],
  "val_loss": [
    2.417278701915029,
    1.8859078939459037,
    1.5876014933937372,
    1.3797806529055692,
    1.3139987064658933,
    1.4020033816757165,
    1.581018077076143,
    1.5178044654286111,
    1.7242073614590103,
    1.8103516733369722,
    1.817449860989025
  ],
  "val_macro_f1": [
    0.12451019895188505,
    0.38860602684711526,
    0.46288476346160856,
    0.5421504625712043,
    0.563910256963221,
    0.5887205072581246,
    0.5495878339756823,
    0.5556081655496322,
    0.5739809579823288,
    0.5568456300606958,
    0.5532403642997874
  ],
  "train_acc": [
    0.11342993079584775,
    0.2516219723183391,
    0.41911764705882354,
    0.559364186851211,
    0.6571150519031141,
    0.7374567474048442,
    0.7908737024221453,
    0.8440743944636678,
    0.8811634948096886,
    0.9017084775086506,
    0.9113321799307958
  ],
  "val_acc": [
    0.20383451059535823,
    0.40766902119071646,
    0.48335015136226034,
    0.5423814328960646,
    0.570635721493441,
    0.58627648839556,
    0.5605449041372351,
    0.549949545913219,
    0.5701311806256307,
    0.5514631685166499,
    0.5479313824419778
  ]
}