{
  "train_loss": [
    2.5890257020310137,
    2.2865024404954744,
    1.9193665176939387,
    1.5421969158942312,
    1.250874410863566,
    0.9844418101038487,
    0.7955914974006402,
    0.622318739516203,
    0.5043617511574165,
    0.4084440505963502,
    0.35441949419599916,
    0.31293190163673,
    0.25670854538472876,
    0.24987499240566702
  ],
  "val_loss": [
    2.348097477142072,
    1.924410330058347,
    1.7512138357797618,
    1.3776472284863623,
    1.4688399676477872,
    1.4180448280213218,
    1.4248280966678855,
    1.676812947337731,
    1.6012469419437028,
    1.880982944691097,
    1.8816852861889435,
    1.8660036016304486,
    2.0937376261719782,
    2.172149010551445
  ],
  "val_macro_f1": [
    0.14699400836830273,
    0.3107779869546697,
    0.38138714703200394,
    0.5338211880252367,
    0.5203613975565452,
    0.5492366999357584,
    0.5729232643904193,
    0.5569368318449942,
    0.573023970423512,
    0.5373809305837483,
    0.5569941823053383,
    0.5367002214351911,
    0.5704125110955948,
    0.5623890351847175
  ],
  "train_acc": [
    0.11440311418685122,
    0.22988754325259517,
    0.36267301038062283,
    0.48875432525951557,
    0.5964532871972318,
    0.6876081314878892,
    0.7569204152249135,
    0.8084991349480969,
    0.8503460207612457,
    0.8821366782006921,
    0.9040873702422145,
    0.9142517301038062,
    0.9332828719723183,
    0.932742214532872
  ],
  "val_acc": [
    0.21796165489404642,
    0.36074672048435924,
    0.4117053481331988,
    0.5393541876892028,
    0.5171543895055499,
    0.5605449041372351,
    0.5812310797174571,
    0.5474268415741675,
    0.5691220988900101,
    0.5302724520686175,
    0.5600403632694249,
    0.5383451059535822,
    0.5726538849646822,
    0.557013118062563
  ]
}