{
  "train_loss": [
    1.867374721695395,
    0.9623954494880145,
    0.515918053879973,
    0.2638644784379583,
    0.15316307169601168,
    0.09639642468837306,
    0.07900879761545716,
    0.06276373846205048,
    0.06324871229877933,
    0.045463160956504024,
    0.03223701428531776,
    0.041880270047274425
  ],
  "val_loss": [
    1.199830025524713,
    0.8400397162384511,
    0.8322200536968489,
    0.8716932749291121,
    0.9529725496631819,
    1.1763738596325084,
    1.1419891061263177,
    1.278762926547727,
    1.1292691953728347,
    1.2363151533812977,
    1.364396669128468,
    1.2982324915143966
  ],
  "val_macro_f1": [
    0.5923586094530443,
    0.713631702617651,
    0.7387261045102286,
    0.7708831228284987,
    0.7543160656324668,
    0.7630896344646,
    0.7775842691830402,
    0.7582623364628939,
    0.7763445789654478,
    0.7769049091908365,
    0.7738790323356727,
    0.7648450159055097
  ],
  "train_acc": [
    0.3818122837370242,
    0.6834991349480969,
    0.8427768166089965,
    0.9291738754325259,
    0.9620458477508651,
    0.9797794117647058,
    0.9815095155709342,
    0.9859429065743944,
    0.9846453287197232,
    0.9897275086505191,
    0.9931877162629758,
    0.990484429065744
  ],
  "val_acc": [
    0.6190716448032291,
    0.7179616548940464,
    0.7441977800201817,
    0.7694248234106963,
    0.7527749747729566,
    0.7608476286579213,
    0.7769929364278506,
    0.7552976791120081,
    0.7759838546922301,
    0.7759838546922301,
    0.7729566094853683,
    0.7669021190716448
  ]
}