{
  "train_loss": [
    2.6337360461277943,
    2.595832980009099,
    2.509812424133393,
    2.4052169601397533,
    2.323266649947447,
    2.273514599123628,
    2.228752119318424,
    2.202907052935201,
    2.1802191210453072,
    2.1610807524832887,
    2.1420212720092193,
    2.1211394621220427,
    2.112227264881959,
    2.104794459771945,
    2.081670417814519,
    2.0695781676827005,
    2.0615785144604613,
    2.0559916148239354,
    2.0307348852132843,
    2.0361295464645206
  ],
  "val_loss": [
    2.611397940503841,
    2.5247375414181428,
    2.3829188243411745,
    2.2638634798144235,
    2.1873648337471017,
    2.1372409680055684,
    2.1002488708881026,
    2.084004999770887,
    2.060992849342277,
    2.036208385896731,
    2.025230221021789,
    2.00300282715067,
    1.987227483426045,
    1.9750170014821196,
    1.9482456873933194,
    1.9471425435136474,
    1.9374713551264358,
    1.919551251273824,
    1.915579444945881,
    1.908420554925166
  ],
  "val_macro_f1": [
    0.05704157224953639,
    0.14095482183481592,
    0.18186376023860465,
    0.1757073369398567,
    0.21167357537365689,
    0.22070981200501424,
    0.2473696741616465,
    0.25110108745447635,
    0.2605502644937005,
    0.2705136719276857,
    0.2746866340413277,
    0.2726255120798275,
    0.2931620941344824,
    0.3029847452415711,
    0.30058771776337545,
    0.31845956051721386,
    0.31802780866398656,
    0.32274350848432815,
    0.33005849179873514,
    0.3331465349298654
  ],
  "train_acc": [
    0.08272058823529412,
    0.12143166089965397,
    0.16533304498269896,
    0.189878892733564,
    0.2143166089965398,
    0.2289143598615917,
    0.24232266435986158,
    0.24826989619377163,
    0.2538927335640138,
    0.2594074394463668,
    0.2666522491349481,
    0.27789792387543255,
    0.2804930795847751,
    0.27941176470588236,
    0.2960640138408305,
    0.2906574394463668,
    0.30266003460207613,
    0.3030925605536332,
    0.3103373702422145,
    0.3129325259515571
  ],
  "val_acc": [
    0.1231079717457114,
    0.21846619576185672,
    0.24318869828456105,
    0.248234106962664,
    0.26892028254288597,
    0.2694248234106963,
    0.29263370332996974,
    0.2946518668012109,
    0.30625630676084764,
    0.3158425832492432,
    0.3218970736629667,
    0.3158425832492432,
    0.3375378405650858,
    0.34460141271442984,
    0.3425832492431887,
    0.35923309788092833,
    0.35923309788092833,
    0.36528758829465185,
    0.3612512613521695,
    0.37336024217961655
  ]
}