{
  "train_loss": [
    2.6348695616821103,
    2.598344957333535,
    2.515478045676406,
    2.408413935697615,
    2.330315653324952,
    2.271707858696941,
    2.2353645449691166,
    2.2086056837986083,
    2.184778917722636,
    2.1607261740418866,
    2.1561168079557715,
    2.1327433377813714,
    2.1286718890741207,
    2.100326746702194,
    2.094882540327455,
    2.0769565591143904,
    2.064611486188268,
    2.058529211884964,
    2.0567824149626763,
    2.0276070301095506
  ],
  "val_loss": [
    2.61263787277291,
    2.5304336049843026,
    2.391205198709467,
    2.2671715457793082,
    2.1955168049944156,
    2.1455410881311936,
    2.109942373666465,
    2.082952809742794,
    2.067642270375934,
    2.039649574836015,
    2.0279564766061053,
    2.0148884725618794,
    1.997563405426672,
    1.9766869020510154,
    1.9636368189762627,
    1.9606831874905153,
    1.9453520519822445,
    1.9337289880671726,
    1.9241293864822773,
    1.8994019411647116
  ],
  "val_macro_f1": [
    0.07246942587958237,
    0.15052074591984313,
    0.17592844104863928,
    0.20528285271865485,
    0.19516267453729247,
    0.21908466918600109,
    0.24572982188925413,
    0.24706838366127212,
    0.25885500209608614,
    0.26317287206842593,
    0.2702827618557792,
    0.2691553139119897,
    0.27953098978408203,
    0.2921192437845957,
    0.30481591873499114,
    0.3007840713671473,
    0.31278114107648536,
    0.3273671400609644,
    0.3190118835120983,
    0.340864941786311
  ],
  "train_acc": [
    0.08499134948096886,
    0.12716262975778547,
    0.1647923875432526,
    0.19258217993079585,
    0.20793685121107267,
    0.22394031141868512,
    0.23810553633217993,
    0.24416089965397925,
    0.25270328719723184,
    0.2648140138408305,
    0.2557309688581315,
    0.2690311418685121,
    0.27378892733564014,
    0.2877378892733564,
    0.28125,
    0.29195501730103807,
    0.2970371972318339,
    0.30017301038062283,
    0.29801038062283736,
    0.3116349480968858
  ],
  "val_acc": [
    0.12260343087790111,
    0.22401614530776992,
    0.2401614530776993,
    0.26337033299697277,
    0.26437941473259335,
    0.27093844601412714,
    0.2956609485368315,
    0.2966700302724521,
    0.30423814328960647,
    0.3113017154389506,
    0.31180625630676084,
    0.31231079717457116,
    0.32896064581231077,
    0.3355196770938446,
    0.34510595358224017,
    0.34611503531786075,
    0.3557013118062563,
    0.3713420787083754,
    0.3521695257315843,
    0.375882946518668
  ]
}