{
  "train_loss": [
    1.8939943424970633,
    0.9958376973145561,
    0.5425866722003605,
    0.2852306776006535,
    0.1547473929177931,
    0.09495420256391116,
    0.0738986460910949,
    0.06904677689642642,
    0.048993939540274825,
    0.04710566231845572,
    0.03645302397827376
  ],
  "val_loss": [
    1.1647439413186158,
    0.8346742577437315,
    0.9487298710796114,
    0.9669256087027934,
    1.1648051529731809,
    1.1583626301419723,
    1.2544183768378994,
    1.2442581673443136,
    1.3310902450105888,
    1.4588296508452245,
    1.3573726793989824
  ],
  "val_macro_f1": [
    0.6280207257992884,
    0.7192530469791473,
    0.7198801633886168,
    0.7408962384039877,
    0.7385979380313229,
    0.7690312355149974,
    0.7547853002932184,
    0.7647533995469732,
    0.7640927467668226,
    0.7496130335983914,
    0.7598218323845604
  ],
  "train_acc": [
    0.36375432525951557,
    0.6637110726643599,
    0.8278546712802768,
    0.9183607266435986,
    0.9593425605536332,
    0.9803200692041523,
    0.9820501730103807,
    0.9835640138408305,
    0.9881055363321799,
    0.9884299307958477,
    0.9927551903114187
  ],
  "val_acc": [
    0.6402623612512613,
    0.7305751765893037,
    0.7169525731584259,
    0.7406659939455096,
    0.7351160443995963,
    0.7658930373360242,
    0.7527749747729566,
    0.7623612512613521,
    0.7598385469223007,
    0.7426841574167508,
    0.756811301715439
  ]
}