{
  "conservative": {
    "precision": 0.7243589743589743,
    "recall": 0.8188405797101449,
    "f1-score": 0.7687074829931972,
    "support": 138
  },
  "dressy": {
    "precision": 0.9565217391304348,
    "recall": 0.9850746268656716,
    "f1-score": 0.9705882352941176,
    "support": 134
  },
  "ethnic": {
    "precision": 0.8014184397163121,
    "recall": 0.875968992248062,
    "f1-score": 0.8370370370370371,
    "support": 129
  },
  "fairy": {
    "precision": 0.88125,
    "recall": 0.9791666666666666,
    "f1-score": 0.9276315789473684,
    "support": 144
  },
  "feminine": {
    "precision": 0.83,
    "recall": 0.6859504132231405,
    "f1-score": 0.751131221719457,
    "support": 121
  },
  "gal": {
    "precision": 0.8666666666666667,
    "recall": 0.8181818181818182,
    "f1-score": 0.8417266187050358,
    "support": 143
  },
  "girlish": {
    "precision": 0.7142857142857143,
    "recall": 0.6626506024096386,
    "f1-score": 0.6875000000000001,
    "support": 166
  },
  "kireime-casual": {
    "precision": 0.773972602739726,
    "recall": 0.7151898734177216,
    "f1-score": 0.743421052631579,
    "support": 158
  },
  "lolita": {
    "precision": 0.95625,
    "recall": 0.95625,
    "f1-score": 0.95625,
    "support": 160
  },
  "mode": {
    "precision": 0.8571428571428571,
    "recall": 0.7547169811320755,
    "f1-score": 0.8026755852842811,
    "support": 159
  },
  "natural": {
    "precision": 0.7682119205298014,
    "recall": 0.8992248062015504,
    "f1-score": 0.8285714285714285,
    "support": 129
  },
  "retro": {
    "precision": 0.84375,
    "recall": 0.8503937007874016,
    "f1-score": 0.8470588235294119,
    "support": 127
  },
  "rock": {
    "precision": 0.8067226890756303,
    "recall": 0.7933884297520661,
    "f1-score": 0.8,
    "support": 121
  },
  "street": {
    "precision": 0.9155844155844156,
    "recall": 0.9215686274509803,
    "f1-score": 0.9185667752442997,
    "support": 153
  },
  "accuracy": 0.8355196770938446,
  "macro avg": {
    "precision": 0.8354382870878952,
    "recall": 0.8368975798604955,
    "f1-score": 0.8343475599969439,
    "support": 1982
  },
  "weighted avg": {
    "precision": 0.8359636863585697,
    "recall": 0.8355196770938446,
    "f1-score": 0.8339883004509907,
    "support": 1982
  }
}