{
  "train_loss": [
    2.1499508700517223,
    1.367873060974618,
    1.05865612080817,
    0.8843518432123413,
    0.7880000873294798,
    0.721661544447623,
    0.6670685530447636,
    0.6253809895005704,
    0.5875909046135411,
    0.5535180458630726,
    0.52586657028864,
    0.49826645979131684,
    0.4705895815687028,
    0.4475084001110269,
    0.42122748269099614,
    0.41278799250779835,
    0.3931714817102503,
    0.37486253426175664,
    0.3550203880427805,
    0.34365574110256525
  ],
  "val_loss": [
    1.3994582253315615,
    0.9513063981422382,
    0.8292289368740605,
    0.6911052663770141,
    0.6343312649696305,
    0.5804984797286593,
    0.5692934074526508,
    0.5704074652308004,
    0.5360488617977393,
    0.5219355691856339,
    0.5169507507024536,
    0.5089426281095217,
    0.5034607354186567,
    0.5113215193852682,
    0.5170754424934666,
    0.5713435539470161,
    0.5405334692832395,
    0.5515632392437737,
    0.521572513096498,
    0.5811652128413863
  ],
  "val_macro_f1": [
    0.47136854853979954,
    0.6492851679405691,
    0.6876544839899033,
    0.7503511603217597,
    0.7768446646418262,
    0.7898190948287338,
    0.795132514604669,
    0.7922182833132724,
    0.8104252661608505,
    0.8105027694897099,
    0.8093281133088956,
    0.8191149659364949,
    0.8158985523117017,
    0.8249203871168617,
    0.8273749038815996,
    0.807016176120538,
    0.8160156776898537,
    0.8098336484802887,
    0.8226744834695648,
    0.8167968840401619
  ],
  "train_acc": [
    0.26146193771626297,
    0.5139489619377162,
    0.6277032871972318,
    0.6920415224913494,
    0.7262110726643599,
    0.7601643598615917,
    0.7788711072664359,
    0.7934688581314879,
    0.808931660899654,
    0.8148788927335641,
    0.8286115916955017,
    0.8350994809688581,
    0.8408304498269896,
    0.8533737024221453,
    0.862348615916955,
    0.8647275086505191,
    0.8725129757785467,
    0.8777032871972318,
    0.8850562283737025,
    0.8867863321799307
  ],
  "val_acc": [
    0.5287588294651867,
    0.6634712411705348,
    0.6917255297679112,
    0.7527749747729566,
    0.7749747729566094,
    0.7906155398587286,
    0.7926337033299697,
    0.7936427850655903,
    0.8097880928355197,
    0.8087790110998991,
    0.8077699293642785,
    0.8178607467204844,
    0.8153380423814329,
    0.8229061553985872,
    0.8269424823410696,
    0.806760847628658,
    0.8148335015136225,
    0.8107971745711403,
    0.8213925327951564,
    0.8153380423814329
  ]
}