{
  "train_loss": [
    2.4044144046347857,
    1.6266915451696586,
    1.246805279828273,
    1.0605817147140684,
    0.9519118764099366,
    0.8640290331933325,
    0.8179214428916934,
    0.7672963665095787,
    0.7304305985930881,
    0.6970990603100057,
    0.6713055184813519,
    0.6393192591061848,
    0.6367382184057706,
    0.6164328740284517,
    0.6000133153940567,
    0.5816714592587371,
    0.5780384889626585,
    0.5595542648646039,
    0.55531796573252,
    0.5317860821126654
  ],
  "val_loss": [
    1.8512469157200648,
    1.1546947505591976,
    0.8972022886473524,
    0.7626012384771218,
    0.6864166543654548,
    0.6327596225904528,
    0.6023461065667669,
    0.5721455694568145,
    0.5488178368233047,
    0.5325329939033141,
    0.5197823546398299,
    0.5088020443435153,
    0.5001583574067211,
    0.4947479175841652,
    0.4857971796203935,
    0.47768388469031553,
    0.47677405704824044,
    0.47487689650924847,
    0.46713374667884605,
    0.464535517721436
  ],
  "val_macro_f1": [
    0.5774632709144228,
    0.7152701545213457,
    0.7663929813666363,
    0.7922252271298166,
    0.8012785979715807,
    0.8091169056169001,
    0.8113999203618104,
    0.8167346409900043,
    0.8215917378824578,
    0.8249944592464906,
    0.825817018244107,
    0.827920065728542,
    0.8292521910277934,
    0.8318440268180829,
    0.8359847229294243,
    0.8354163522575586,
    0.842199428888992,
    0.834639447122596,
    0.842253008835357,
    0.841935944262598
  ],
  "train_acc": [
    0.27692474048442905,
    0.4987024221453287,
    0.5948313148788927,
    0.651492214532872,
    0.6820934256055363,
    0.7120458477508651,
    0.7248053633217993,
    0.7417820069204152,
    0.7569204152249135,
    0.7628676470588235,
    0.7783304498269896,
    0.7861159169550173,
    0.7857915224913494,
    0.7924956747404844,
    0.7958477508650519,
    0.8090397923875432,
    0.802984429065744,
    0.8087153979238755,
    0.8167171280276817,
    0.8240700692041523
  ],
  "val_acc": [
    0.606962663975782,
    0.7265388496468214,
    0.7694248234106963,
    0.7941473259334006,
    0.8027245206861756,
    0.8107971745711403,
    0.8133198789101918,
    0.8183652875882946,
    0.822401614530777,
    0.8264379414732593,
    0.8269424823410696,
    0.8289606458123108,
    0.8304742684157417,
    0.8329969727547931,
    0.8370332996972755,
    0.8360242179616549,
    0.8425832492431887,
    0.8350151362260343,
    0.8425832492431887,
    0.8425832492431887
  ]
}