{
  "conservative": {
    "precision": 0.7703703703703704,
    "recall": 0.7591240875912408,
    "f1-score": 0.7647058823529412,
    "support": 137
  },
  "dressy": {
    "precision": 0.9492753623188406,
    "recall": 0.9703703703703703,
    "f1-score": 0.9597069597069596,
    "support": 135
  },
  "ethnic": {
    "precision": 0.8666666666666667,
    "recall": 0.9069767441860465,
    "f1-score": 0.8863636363636364,
    "support": 129
  },
  "fairy": {
    "precision": 0.952054794520548,
    "recall": 0.972027972027972,
    "f1-score": 0.9619377162629758,
    "support": 143
  },
  "feminine": {
    "precision": 0.7348484848484849,
    "recall": 0.8016528925619835,
    "f1-score": 0.766798418972332,
    "support": 121
  },
  "gal": {
    "precision": 0.8609271523178808,
    "recall": 0.9090909090909091,
    "f1-score": 0.8843537414965985,
    "support": 143
  },
  "girlish": {
    "precision": 0.696969696969697,
    "recall": 0.6927710843373494,
    "f1-score": 0.6948640483383686,
    "support": 166
  },
  "kireime-casual": {
    "precision": 0.703030303030303,
    "recall": 0.7341772151898734,
    "f1-score": 0.718266253869969,
    "support": 158
  },
  "lolita": {
    "precision": 0.9869281045751634,
    "recall": 0.94375,
    "f1-score": 0.9648562300319489,
    "support": 160
  },
  "mode": {
    "precision": 0.8695652173913043,
    "recall": 0.8805031446540881,
    "f1-score": 0.8749999999999999,
    "support": 159
  },
  "natural": {
    "precision": 0.9401709401709402,
    "recall": 0.8527131782945736,
    "f1-score": 0.8943089430894308,
    "support": 129
  },
  "retro": {
    "precision": 0.8974358974358975,
    "recall": 0.8267716535433071,
    "f1-score": 0.8606557377049181,
    "support": 127
  },
  "rock": {
    "precision": 0.8888888888888888,
    "recall": 0.7933884297520661,
    "f1-score": 0.8384279475982533,
    "support": 121
  },
  "street": {
    "precision": 0.8930817610062893,
    "recall": 0.922077922077922,
    "f1-score": 0.9073482428115016,
    "support": 154
  },
  "accuracy": 0.8541876892028254,
  "macro avg": {
    "precision": 0.8578724028936626,
    "recall": 0.8546711145484073,
    "f1-score": 0.8555424113285596,
    "support": 1982
  },
  "weighted avg": {
    "precision": 0.8561845008063983,
    "recall": 0.8541876892028254,
    "f1-score": 0.8545178516796821,
    "support": 1982
  }
}