{
  "train_loss": [
    2.106256961461582,
    1.3399967128752528,
    1.048853159682329,
    0.8830029537424342,
    0.7872729201883297,
    0.7147987932675747,
    0.6559264955850428,
    0.6139893457504991,
    0.5674100184356342,
    0.5463825217012122,
    0.5170009763724609,
    0.4871276999840158,
    0.4635410231896779,
    0.434662235447032,
    0.4253289417188627,
    0.3966449777908565,
    0.38071257572015843,
    0.36000564352868886,
    0.3425043940617036,
    0.3301578452031564
  ],
  "val_loss": [
    1.3055095206476244,
    0.9612630981609872,
    0.7459977444498137,
    0.6523968503067099,
    0.6100604430510166,
    0.5937485957497545,
    0.6002350810259265,
    0.550253624917881,
    0.5763806124973392,
    0.5667603492001908,
    0.5529520399610048,
    0.5086891291461938,
    0.5516570496051474,
    0.549892704363435,
    0.5417972748548658,
    0.5498295104425723,
    0.5543277815727218,
    0.5813576456030838,
    0.5614328670003438,
    0.570289093596303
  ],
  "val_macro_f1": [
    0.5373380276857695,
    0.6367427171876721,
    0.7278148885980219,
    0.771019241474502,
    0.7765439243567861,
    0.7816518987326679,
    0.7784644866261917,
    0.7989211014657582,
    0.8021547362945912,
    0.8072387837398523,
    0.8136098525695437,
    0.8188832882365693,
    0.819000931390384,
    0.816701471745186,
    0.817988725260283,
    0.8150029313736153,
    0.8226393336090357,
    0.8206902257781946,
    0.8232128748825842,
    0.8258544786271065
  ],
  "train_acc": [
    0.28027681660899656,
    0.5203287197231834,
    0.625,
    0.6865268166089965,
    0.7243728373702422,
    0.7542171280276817,
    0.7746539792387543,
    0.7936851211072664,
    0.8102292387543253,
    0.8209342560553633,
    0.8288278546712803,
    0.8382352941176471,
    0.8445069204152249,
    0.8566176470588235,
    0.8598615916955017,
    0.8687283737024222,
    0.8778114186851211,
    0.8799740484429066,
    0.8860294117647058,
    0.8931660899653979
  ],
  "val_acc": [
    0.5681130171543896,
    0.6463168516649849,
    0.7305751765893037,
    0.7704339051463168,
    0.777497477295661,
    0.7825428859737639,
    0.7790110998990918,
    0.7991927346115035,
    0.8037336024217961,
    0.8062563067608476,
    0.8133198789101918,
    0.8193743693239153,
    0.8183652875882946,
    0.8148335015136225,
    0.8143289606458123,
    0.8153380423814329,
    0.8203834510595358,
    0.8188698284561049,
    0.8239152371342079,
    0.8249243188698284
  ]
}