{
  "train_loss": [
    2.4038343330568095,
    1.614508714024171,
    1.2353041286493256,
    1.0581599708040692,
    0.9446724045854127,
    0.8688975467401392,
    0.8189462655607391,
    0.7714427877024177,
    0.7446513155211009,
    0.7003407721958771,
    0.6802264185280742,
    0.6561879967194322,
    0.6266327966197964,
    0.6217502361633992,
    0.6032013430624272,
    0.5997210019703142,
    0.5878402179680687,
    0.561373632775046,
    0.5589966048393076,
    0.5495513764477519
  ],
  "val_loss": [
    1.8596220966785635,
    1.1662272155946487,
    0.9169279554056231,
    0.7944784789345218,
    0.7163759163241574,
    0.6612701529090027,
    0.6241859522705482,
    0.5906751425607895,
    0.5756226987037601,
    0.5504512940538158,
    0.5411976544725907,
    0.5307397895486035,
    0.5141822252907498,
    0.508622560548614,
    0.49697348434857713,
    0.494023493046597,
    0.4878096886798664,
    0.4821867047687833,
    0.4750571955375065,
    0.4747895740205657
  ],
  "val_macro_f1": [
    0.5455127909124106,
    0.7151483035210134,
    0.7545206089585416,
    0.7826030357237119,
    0.7928025341726294,
    0.8077273927627969,
    0.8091824676176984,
    0.8174440126538755,
    0.8160692845406793,
    0.8191728102064574,
    0.8199421528037708,
    0.8258527200802844,
    0.8303144262919533,
    0.828241615116059,
    0.8310681959331986,
    0.8320638050192989,
    0.8359623422647747,
    0.8396396923256141,
    0.8409387547066004,
    0.8407851385857373
  ],
  "train_acc": [
    0.27454584775086505,
    0.5082179930795848,
    0.6018598615916955,
    0.6478157439446367,
    0.6864186851211073,
    0.708044982698962,
    0.7239403114186851,
    0.7443771626297578,
    0.7525951557093425,
    0.7628676470588235,
    0.7702205882352942,
    0.7797361591695502,
    0.7896842560553633,
    0.7937932525951558,
    0.7966046712802768,
    0.8028762975778547,
    0.8049307958477508,
    0.8086072664359861,
    0.8118512110726643,
    0.8128243944636678
  ],
  "val_acc": [
    0.582744702320888,
    0.7204843592330978,
    0.7552976791120081,
    0.7830474268415741,
    0.7941473259334006,
    0.8082744702320888,
    0.8092835519677094,
    0.8173562058526741,
    0.8158425832492432,
    0.8193743693239153,
    0.8208879919273461,
    0.8254288597376388,
    0.8299697275479314,
    0.82744702320888,
    0.8314833501513622,
    0.8319878910191726,
    0.8355196770938446,
    0.8390514631685166,
    0.8400605449041373,
    0.8395560040363269
  ]
}