{
  "train_loss": [
    2.6350137950227337,
    2.5987371177409346,
    2.5095926488147065,
    2.4078803154217745,
    2.3245933244591352,
    2.271253188485505,
    2.2329529245419484,
    2.2069161847800944,
    2.194262967080806,
    2.170156575197992,
    2.1522371865370693,
    2.130499262298267,
    2.1184091023507827,
    2.1020923826108753,
    2.093641783539399,
    2.0862749858298515,
    2.0656822065993574,
    2.0542715872447794,
    2.047348854502592,
    2.0357498343015625
  ],
  "val_loss": [
    2.612879450939498,
    2.5303722041406256,
    2.38656088899291,
    2.2675460137945613,
    2.1736728108133727,
    2.1261123581202073,
    2.1052847673625927,
    2.0662698242907327,
    2.0483440154736745,
    2.021612370651738,
    2.004912332376967,
    1.9818713881533996,
    1.979531050450145,
    1.961105905555933,
    1.951892970188114,
    1.9275707637987032,
    1.9175524988280295,
    1.9035142543457833,
    1.8962141334348923,
    1.882386944007681
  ],
  "val_macro_f1": [
    0.06785944196747332,
    0.13119752534770018,
    0.17278686805277071,
    0.17120507984871175,
    0.2295061725654318,
    0.21934869380955863,
    0.22729680253563495,
    0.25424503205526855,
    0.25483558041088544,
    0.2904249484733407,
    0.27971189113248784,
    0.2925097537186337,
    0.28737966419514466,
    0.2999393790984116,
    0.29891193629159585,
    0.32634797996989595,
    0.319422663864289,
    0.31798441359916646,
    0.32367188992028695,
    0.3301660560314952
  ],
  "train_acc": [
    0.08272058823529412,
    0.12089100346020762,
    0.17138840830449828,
    0.1915008650519031,
    0.2143166089965398,
    0.2236159169550173,
    0.23886245674740483,
    0.24859429065743946,
    0.25108131487889274,
    0.25821799307958476,
    0.26978806228373703,
    0.2731401384083045,
    0.28125,
    0.28471020761245674,
    0.28708910034602075,
    0.2909818339100346,
    0.3015787197231834,
    0.3060121107266436,
    0.30514705882352944,
    0.3062283737024221
  ],
  "val_acc": [
    0.10544904137235116,
    0.21089808274470231,
    0.23107971745711403,
    0.2391523713420787,
    0.28456104944500504,
    0.2734611503531786,
    0.2865792129162462,
    0.30373360242179614,
    0.31231079717457116,
    0.33198789101917253,
    0.3284561049445005,
    0.33804238143289606,
    0.33350151362260344,
    0.34712411705348134,
    0.3425832492431887,
    0.35872855701311807,
    0.3521695257315843,
    0.35519677093844604,
    0.35973763874873865,
    0.36781029263370335
  ]
}