{
  "train_loss": [
    2.6331857040679165,
    2.595394088528973,
    2.5024806817922625,
    2.4027283824851358,
    2.3300690948963165,
    2.267728661480247,
    2.2404689286613135,
    2.2113284537742706,
    2.186906991120441,
    2.1716662636058968,
    2.1501251265251926,
    2.1380086562315896,
    2.1221185646255125,
    2.107185166393597,
    2.0954937538886154,
    2.0741401700412525,
    2.0675708371050217,
    2.048826982199527,
    2.052943849027363,
    2.0347335201439973
  ],
  "val_loss": [
    2.609511913372698,
    2.524477786661758,
    2.3770333642795998,
    2.269936458133424,
    2.178284722067393,
    2.1196491576347776,
    2.100636889306616,
    2.0696117355893286,
    2.0378946538649942,
    2.020719372299918,
    2.008512218111579,
    1.9904166134046137,
    1.980159796090227,
    1.9607118318829118,
    1.9467054048532435,
    1.9282077316318824,
    1.9242892299001562,
    1.9225512181232964,
    1.907430579274983,
    1.8872362977921902
  ],
  "val_macro_f1": [
    0.09957837427404394,
    0.16136527254735317,
    0.16401796989828443,
    0.18465925276215003,
    0.2095700980498014,
    0.22701507789234146,
    0.22400613700924912,
    0.24533820918150193,
    0.26081480752031866,
    0.27500647530061195,
    0.2696493619822577,
    0.2944509729881736,
    0.2786306400279804,
    0.2890595482149791,
    0.31643075603199666,
    0.3219895147059724,
    0.32065216772046323,
    0.313864825283296,
    0.3225904706445178,
    0.33550733962825624
  ],
  "train_acc": [
    0.08466695501730104,
    0.12846020761245674,
    0.16976643598615918,
    0.19625865051903113,
    0.21377595155709342,
    0.23161764705882354,
    0.23345588235294118,
    0.24610726643598616,
    0.25821799307958476,
    0.2560553633217993,
    0.27011245674740486,
    0.2663278546712803,
    0.28006055363321797,
    0.2857915224913495,
    0.29282006920415227,
    0.29195501730103807,
    0.29714532871972316,
    0.30341695501730104,
    0.3083910034602076,
    0.31758217993079585
  ],
  "val_acc": [
    0.13269424823410697,
    0.22754793138244198,
    0.2209889001009082,
    0.24419778002018164,
    0.26639757820383453,
    0.2785065590312815,
    0.2860746720484359,
    0.2951564076690212,
    0.31281533804238143,
    0.32542885973763874,
    0.3213925327951564,
    0.33955600403632696,
    0.32441977800201816,
    0.3350151362260343,
    0.35418768920282545,
    0.3546922300706357,
    0.35317860746720486,
    0.35317860746720486,
    0.35923309788092833,
    0.3708375378405651
  ]
}