{
  "train_loss": [
    2.63580263114718,
    2.5937252725284403,
    2.4951786809314083,
    2.3897465449922226,
    2.3134533953707934,
    2.2710636515930864,
    2.2274261972895957,
    2.2046211621753073,
    2.189618722790253,
    2.166442847478761,
    2.1490460975566124,
    2.1245008727670953,
    2.1147262574685897,
    2.1066524318345277,
    2.0887374775838685,
    2.0800667444314924,
    2.0629057182985195,
    2.048290837801039,
    2.0444964490134825,
    2.0410494904926493
  ],
  "val_loss": [
    2.6134295716175036,
    2.518375658002559,
    2.382521229242581,
    2.255276454084456,
    2.184963362969977,
    2.143902567392882,
    2.1106687973053258,
    2.074903373400691,
    2.0551735902530273,
    2.035335651440048,
    2.0120412829425094,
    1.9951402258079058,
    1.979534905324911,
    1.9776232738186925,
    1.949899744434145,
    1.942297021267272,
    1.927009808427751,
    1.9192455904755654,
    1.9214851399122406,
    1.8964299453134854
  ],
  "val_macro_f1": [
    0.10925840514184483,
    0.1641720582875961,
    0.15640114180157474,
    0.1779874137927265,
    0.20234573005759401,
    0.23704634762032528,
    0.24383363605221914,
    0.25264125876698146,
    0.27760759577034916,
    0.27625946880585583,
    0.27332220854790384,
    0.28032270499112616,
    0.2916275694093066,
    0.2836131299188528,
    0.3007676921035766,
    0.2900382308258061,
    0.3170976944188731,
    0.3153205167871596,
    0.3050703966594995,
    0.31741711374252757
  ],
  "train_acc": [
    0.07807093425605537,
    0.12640570934256054,
    0.1667387543252595,
    0.19982698961937717,
    0.21907439446366783,
    0.2231833910034602,
    0.2402681660899654,
    0.24729671280276816,
    0.25140570934256057,
    0.262651384083045,
    0.27043685121107264,
    0.2727076124567474,
    0.2835207612456747,
    0.2758434256055363,
    0.28481833910034604,
    0.29249567474048443,
    0.3014705882352941,
    0.30352508650519033,
    0.30341695501730104,
    0.31606833910034604
  ],
  "val_acc": [
    0.16246215943491424,
    0.2330978809283552,
    0.22855701311806256,
    0.25731584258324924,
    0.2714429868819374,
    0.29162462159434915,
    0.29263370332996974,
    0.30726538849646823,
    0.32441977800201816,
    0.3158425832492432,
    0.3193743693239152,
    0.32795156407669024,
    0.33350151362260344,
    0.3304742684157417,
    0.334510595358224,
    0.3350151362260343,
    0.3511604439959637,
    0.3481331987891019,
    0.34510595358224017,
    0.3562058526740666
  ]
}