{
  "train_loss": [
    2.635744267475234,
    2.5956432229507342,
    2.5003047075032363,
    2.4101678970363314,
    2.328657831184592,
    2.2817906566144686,
    2.2464200693430785,
    2.207870935692507,
    2.1876760605709777,
    2.17826446798021,
    2.1526172702493964,
    2.1500473114755327,
    2.123446199308217,
    2.0997785751588616,
    2.0954647124019874,
    2.082442426970261,
    2.078580879835109,
    2.0559894807610957,
    2.052496799651314,
    2.0440448311167194
  ],
  "val_loss": [
    2.611767650492617,
    2.5278570163622875,
    2.3975826312988002,
    2.2781582874679183,
    2.1954606022050474,
    2.1507593712099387,
    2.1266683812819864,
    2.083169814436034,
    2.060008062965093,
    2.0439197461371705,
    2.0331491343789816,
    2.017979158041576,
    1.9854934165023048,
    1.9795122858734593,
    1.9648371471766868,
    1.9471567839113422,
    1.9443928223445366,
    1.929837888954386,
    1.9309702362229917,
    1.8965587765128773
  ],
  "val_macro_f1": [
    0.09565211514560648,
    0.15243576803510953,
    0.15992720119517267,
    0.19874927298939365,
    0.2176306149621534,
    0.22829514581285335,
    0.24814550003843253,
    0.24863646859622865,
    0.25915709328342784,
    0.26556744913221403,
    0.26702007525568755,
    0.2714002059982159,
    0.29061708661140434,
    0.2880506563811707,
    0.296531843705366,
    0.2928442762970794,
    0.30853814278777475,
    0.30713459538896376,
    0.3012549899098948,
    0.3215461612996293
  ],
  "train_acc": [
    0.08391003460207612,
    0.13019031141868512,
    0.17095588235294118,
    0.19096020761245674,
    0.21485726643598616,
    0.22091262975778547,
    0.22437283737024222,
    0.2410250865051903,
    0.24589100346020762,
    0.2552984429065744,
    0.2641652249134948,
    0.2639489619377163,
    0.27205882352941174,
    0.2835207612456747,
    0.2856833910034602,
    0.2937932525951557,
    0.2968209342560554,
    0.3038494809688581,
    0.3063365051903114,
    0.30752595155709345
  ],
  "val_acc": [
    0.16902119071644803,
    0.21644803229061554,
    0.22956609485368315,
    0.2593340060544904,
    0.2805247225025227,
    0.28557013118062563,
    0.2946518668012109,
    0.3057517658930373,
    0.3092835519677094,
    0.31079717457114026,
    0.31786074672048437,
    0.322401614530777,
    0.32896064581231077,
    0.33148335015136227,
    0.3365287588294652,
    0.33703329969727547,
    0.3420787083753784,
    0.34157416750756814,
    0.3410696266397578,
    0.3602421796165489
  ]
}