{
  "conservative": {
    "precision": 0.8015873015873016,
    "recall": 0.7372262773722628,
    "f1-score": 0.7680608365019012,
    "support": 137
  },
  "dressy": {
    "precision": 0.9850746268656716,
    "recall": 0.9777777777777777,
    "f1-score": 0.9814126394052044,
    "support": 135
  },
  "ethnic": {
    "precision": 0.8536585365853658,
    "recall": 0.813953488372093,
    "f1-score": 0.8333333333333333,
    "support": 129
  },
  "fairy": {
    "precision": 0.9319727891156463,
    "recall": 0.958041958041958,
    "f1-score": 0.9448275862068966,
    "support": 143
  },
  "feminine": {
    "precision": 0.7795275590551181,
    "recall": 0.8181818181818182,
    "f1-score": 0.7983870967741935,
    "support": 121
  },
  "gal": {
    "precision": 0.8840579710144928,
    "recall": 0.8531468531468531,
    "f1-score": 0.8683274021352313,
    "support": 143
  },
  "girlish": {
    "precision": 0.7159090909090909,
    "recall": 0.7590361445783133,
    "f1-score": 0.736842105263158,
    "support": 166
  },
  "kireime-casual": {
    "precision": 0.7337662337662337,
    "recall": 0.7151898734177216,
    "f1-score": 0.7243589743589743,
    "support": 158
  },
  "lolita": {
    "precision": 0.9934640522875817,
    "recall": 0.9559748427672956,
    "f1-score": 0.9743589743589743,
    "support": 159
  },
  "mode": {
    "precision": 0.9154929577464789,
    "recall": 0.8176100628930818,
    "f1-score": 0.8637873754152824,
    "support": 159
  },
  "natural": {
    "precision": 0.7876712328767124,
    "recall": 0.8914728682170543,
    "f1-score": 0.8363636363636364,
    "support": 129
  },
  "retro": {
    "precision": 0.8188976377952756,
    "recall": 0.8188976377952756,
    "f1-score": 0.8188976377952756,
    "support": 127
  },
  "rock": {
    "precision": 0.8040540540540541,
    "recall": 0.9754098360655737,
    "f1-score": 0.8814814814814814,
    "support": 122
  },
  "street": {
    "precision": 0.9290780141843972,
    "recall": 0.8506493506493507,
    "f1-score": 0.8881355932203389,
    "support": 154
  },
  "accuracy": 0.8506559031281534,
  "macro avg": {
    "precision": 0.8524437184173872,
    "recall": 0.8530406278054591,
    "f1-score": 0.8513267623295631,
    "support": 1982
  },
  "weighted avg": {
    "precision": 0.853694276462964,
    "recall": 0.8506559031281534,
    "f1-score": 0.8508251015071422,
    "support": 1982
  }
}