{
  "train_loss": [
    2.205734647294848,
    1.423925525396031,
    1.1241510349992907,
    0.961252937783007,
    0.8677564247069836,
    0.7861985990465022,
    0.7388014482796695,
    0.704424319875823,
    0.6669392773674504,
    0.6424167189706007,
    0.6186809672778278,
    0.5995022717071374,
    0.577194144117894,
    0.559418400497247,
    0.54536021131459,
    0.5269536459273667,
    0.5154602348194804,
    0.5177453499529235,
    0.5004953167784538,
    0.4785919110654252
  ],
  "val_loss": [
    1.5045659675607768,
    1.009521193629437,
    0.8116393265522092,
    0.6990172183507627,
    0.6505090847957267,
    0.5943842194034642,
    0.5729790893933095,
    0.5512598705986433,
    0.5267852456990242,
    0.518099894276308,
    0.49841424966170844,
    0.4926038949236304,
    0.4883077155228227,
    0.4768765097550717,
    0.47244631065907167,
    0.4689481521406381,
    0.46919362297456424,
    0.4645623377427754,
    0.45906540713631044,
    0.4554359358300734
  ],
  "val_macro_f1": [
    0.6053121447946699,
    0.7253172337364021,
    0.7718881539702843,
    0.7888373699102182,
    0.7988885156480483,
    0.8054343643679369,
    0.8097180258141731,
    0.8123853866880861,
    0.817628200593508,
    0.8146231947930788,
    0.8264674204030696,
    0.8268152201961408,
    0.8294753268744195,
    0.8310416035089406,
    0.8296711147241798,
    0.8324695628318928,
    0.8372672858002591,
    0.8334230969405946,
    0.8410476623875768,
    0.840491790448099
  ],
  "train_acc": [
    0.29898356401384085,
    0.5260596885813149,
    0.6245674740484429,
    0.6685769896193772,
    0.7003676470588235,
    0.7345371972318339,
    0.7474048442906575,
    0.7599480968858131,
    0.768598615916955,
    0.7827638408304498,
    0.7895761245674741,
    0.8001730103806228,
    0.8016868512110726,
    0.8063365051903114,
    0.8143382352941176,
    0.8190960207612457,
    0.8252595155709342,
    0.8230968858131488,
    0.8305579584775087,
    0.8375865051903114
  ],
  "val_acc": [
    0.6321897073662966,
    0.7346115035317861,
    0.7739656912209889,
    0.7911200807265388,
    0.801715438950555,
    0.8077699293642785,
    0.8118062563067608,
    0.813824419778002,
    0.8198789101917255,
    0.8173562058526741,
    0.82744702320888,
    0.82744702320888,
    0.830978809283552,
    0.830978809283552,
    0.830978809283552,
    0.8324924318869829,
    0.8370332996972755,
    0.834510595358224,
    0.8410696266397578,
    0.8415741675075681
  ]
}