{
  "train_loss": [
    2.401721743151391,
    1.6339123847162846,
    1.2444468981048227,
    1.0618212855192204,
    0.9546467993653357,
    0.8755010009636929,
    0.8231160555382914,
    0.7753371348327419,
    0.7341370849280415,
    0.7103828519685871,
    0.682067689186149,
    0.6540232933413198,
    0.6416931153503875,
    0.6199843758607612,
    0.5993163262116867,
    0.5952932602858049,
    0.5762942204039195,
    0.5680891189169925,
    0.5605874001515778,
    0.5400085352541666
  ],
  "val_loss": [
    1.8608955207434,
    1.1760957795604086,
    0.9137200068994439,
    0.7751744200074228,
    0.7001769545099931,
    0.6494315982346097,
    0.6105399397620038,
    0.584364422755814,
    0.5639198379126856,
    0.5460201041128272,
    0.533335802052264,
    0.5193332777133984,
    0.5172389379423393,
    0.5060466946554714,
    0.4985287629752058,
    0.4928351742347964,
    0.4894487235307934,
    0.48244516453757413,
    0.47985487280171046,
    0.47707974261159736
  ],
  "val_macro_f1": [
    0.5610625805667022,
    0.7167459996863572,
    0.7598673217937314,
    0.7758800142271927,
    0.7866074537628446,
    0.8013601243226587,
    0.8055433850612459,
    0.8130909517973072,
    0.81878416636721,
    0.822307965448249,
    0.8233100877237021,
    0.8265882074672045,
    0.8250055572989939,
    0.830776089487756,
    0.8288570733209146,
    0.8310065541688798,
    0.8308617447830822,
    0.8347930579614725,
    0.8344325719044131,
    0.8317436904703622
  ],
  "train_acc": [
    0.27368079584775085,
    0.4899437716262976,
    0.5988321799307958,
    0.6499783737024222,
    0.6826340830449827,
    0.707288062283737,
    0.7244809688581315,
    0.7375648788927336,
    0.7490268166089965,
    0.7583261245674741,
    0.7704368512110726,
    0.7771410034602076,
    0.7887110726643599,
    0.7964965397923875,
    0.7993079584775087,
    0.7964965397923875,
    0.803416955017301,
    0.8070934256055363,
    0.8103373702422145,
    0.8189878892733564
  ],
  "val_acc": [
    0.5973763874873865,
    0.7240161453077699,
    0.7613521695257316,
    0.7785065590312815,
    0.7885973763874874,
    0.8007063572149344,
    0.8062563067608476,
    0.8133198789101918,
    0.8188698284561049,
    0.822401614530777,
    0.8229061553985872,
    0.8264379414732593,
    0.8244197780020182,
    0.8304742684157417,
    0.8289606458123108,
    0.8304742684157417,
    0.830978809283552,
    0.8340060544904138,
    0.8335015136226034,
    0.830978809283552
  ]
}