{
  "train_loss": [
    1.8818347380854268,
    0.9336813239052015,
    0.484494276151422,
    0.25032482689381885,
    0.13786540629026386,
    0.09635177186358346,
    0.07286934768555486,
    0.05876916346613924,
    0.047353836569200336,
    0.044202437940147096,
    0.050454833618909845
  ],
  "val_loss": [
    1.1491873208978463,
    0.7701895797529327,
    0.7954695927266757,
    0.8640066665549331,
    1.133822019237322,
    1.0737388318650778,
    1.1517578640691448,
    1.2390822238325472,
    1.244402550905191,
    1.2843692029641207,
    1.3568123704128863
  ],
  "val_macro_f1": [
    0.6130998893609629,
    0.7472676245974984,
    0.764850945706616,
    0.7801519932382452,
    0.7556133359659436,
    0.7806726734219444,
    0.7714360130635459,
    0.7723120716409948,
    0.7632823835545339,
    0.7805027231331333,
    0.7738171732192239
  ],
  "train_acc": [
    0.3798659169550173,
    0.6911764705882353,
    0.8556444636678201,
    0.9325259515570934,
    0.9661548442906575,
    0.9791306228373703,
    0.9823745674740484,
    0.9871323529411765,
    0.9875648788927336,
    0.9897275086505191,
    0.9870242214532872
  ],
  "val_acc": [
    0.6266397578203835,
    0.7462159434914228,
    0.7633703329969728,
    0.7785065590312815,
    0.7532795156407669,
    0.7785065590312815,
    0.7699293642785066,
    0.7714429868819375,
    0.7623612512613521,
    0.7785065590312815,
    0.7684157416750756
  ]
}