{
  "train_loss": [
    2.4049653577969563,
    1.6097342497749725,
    1.2300484818776998,
    1.0490684610337122,
    0.9327651108631213,
    0.8638546212888919,
    0.7951425868747144,
    0.7471773035592274,
    0.7353930696458346,
    0.7019229623711439,
    0.6715459975326968,
    0.6551528704388125,
    0.6276640437517612,
    0.6157955944563896,
    0.5937022551327016,
    0.5816589171086216,
    0.5658566104087037,
    0.552406774956256,
    0.5482405157160388,
    0.5442085894127618
  ],
  "val_loss": [
    1.8617104723763875,
    1.1641494182476964,
    0.9076109268711025,
    0.7782524121036203,
    0.6957327354206928,
    0.6518602760360171,
    0.6084456746320792,
    0.5807182791856175,
    0.5616044865847837,
    0.5452227937104603,
    0.5323224316090797,
    0.5217034857641195,
    0.5098291933837259,
    0.5043598723219093,
    0.5009264927338639,
    0.4883014249392643,
    0.4823304804494956,
    0.48234351413882703,
    0.47427567457695663,
    0.47106005264940465
  ],
  "val_macro_f1": [
    0.5585640593301029,
    0.698836282835728,
    0.7445140705140042,
    0.7630782678384482,
    0.7792502884085171,
    0.7940503723773098,
    0.7976310234120316,
    0.7999018770666746,
    0.8092720643952276,
    0.8128666570500549,
    0.8172517597475687,
    0.818123369659259,
    0.8209491125095191,
    0.818251933611547,
    0.8240237758766451,
    0.8278374011891417,
    0.8234617694261196,
    0.8261235792233138,
    0.8300185466934815,
    0.8357895017111404
  ],
  "train_acc": [
    0.27692474048442905,
    0.503135813148789,
    0.6054282006920415,
    0.6553849480968859,
    0.6898788927335641,
    0.7075043252595156,
    0.7397275086505191,
    0.7527032871972318,
    0.753568339100346,
    0.7651384083044983,
    0.7794117647058824,
    0.7787629757785467,
    0.7901167820069204,
    0.7887110726643599,
    0.8006055363321799,
    0.8050389273356401,
    0.8118512110726643,
    0.8134731833910035,
    0.813689446366782,
    0.8190960207612457
  ],
  "val_acc": [
    0.5893037336024218,
    0.70686175580222,
    0.7477295660948536,
    0.7653884964682139,
    0.781029263370333,
    0.7956609485368314,
    0.7991927346115035,
    0.8007063572149344,
    0.8097880928355197,
    0.8133198789101918,
    0.8173562058526741,
    0.8183652875882946,
    0.8213925327951564,
    0.8183652875882946,
    0.8244197780020182,
    0.8279515640766902,
    0.8239152371342079,
    0.8264379414732593,
    0.829465186680121,
    0.8355196770938446
  ]
}