{
  "conservative": {
    "precision": 0.7243589743589743,
    "recall": 0.8188405797101449,
    "f1-score": 0.7687074829931972,
    "support": 138
  },
  "dressy": {
    "precision": 0.9777777777777777,
    "recall": 0.9850746268656716,
    "f1-score": 0.9814126394052044,
    "support": 134
  },
  "ethnic": {
    "precision": 0.8473282442748091,
    "recall": 0.8604651162790697,
    "f1-score": 0.8538461538461538,
    "support": 129
  },
  "fairy": {
    "precision": 0.9517241379310345,
    "recall": 0.9583333333333334,
    "f1-score": 0.9550173010380624,
    "support": 144
  },
  "feminine": {
    "precision": 0.8303571428571429,
    "recall": 0.768595041322314,
    "f1-score": 0.7982832618025751,
    "support": 121
  },
  "gal": {
    "precision": 0.7751479289940828,
    "recall": 0.916083916083916,
    "f1-score": 0.8397435897435896,
    "support": 143
  },
  "girlish": {
    "precision": 0.7647058823529411,
    "recall": 0.6265060240963856,
    "f1-score": 0.6887417218543046,
    "support": 166
  },
  "kireime-casual": {
    "precision": 0.7651006711409396,
    "recall": 0.7215189873417721,
    "f1-score": 0.742671009771987,
    "support": 158
  },
  "lolita": {
    "precision": 0.9573170731707317,
    "recall": 0.98125,
    "f1-score": 0.9691358024691358,
    "support": 160
  },
  "mode": {
    "precision": 0.8321678321678322,
    "recall": 0.7484276729559748,
    "f1-score": 0.7880794701986754,
    "support": 159
  },
  "natural": {
    "precision": 0.7928571428571428,
    "recall": 0.8604651162790697,
    "f1-score": 0.8252788104089218,
    "support": 129
  },
  "retro": {
    "precision": 0.8760330578512396,
    "recall": 0.8346456692913385,
    "f1-score": 0.8548387096774192,
    "support": 127
  },
  "rock": {
    "precision": 0.7615384615384615,
    "recall": 0.8181818181818182,
    "f1-score": 0.7888446215139442,
    "support": 121
  },
  "street": {
    "precision": 0.9337748344370861,
    "recall": 0.9215686274509803,
    "f1-score": 0.9276315789473684,
    "support": 153
  },
  "accuracy": 0.8420787083753785,
  "macro avg": {
    "precision": 0.8421563686935855,
    "recall": 0.8442826092279849,
    "f1-score": 0.841588010976467,
    "support": 1982
  },
  "weighted avg": {
    "precision": 0.8428444606522271,
    "recall": 0.8420787083753785,
    "f1-score": 0.8407558034928332,
    "support": 1982
  }
}