{
  "train_loss": [
    2.211067791396565,
    1.4245449078098507,
    1.1166831264111203,
    0.9479408041158349,
    0.852442378227383,
    0.7723134917257012,
    0.7315106497035011,
    0.6943060162933995,
    0.6639416863256421,
    0.626654433229516,
    0.6014262780249658,
    0.5852311641023378,
    0.566914769963367,
    0.5592004701931829,
    0.5342275464126218,
    0.5200150628119206,
    0.5079828418962896,
    0.5028328621566606,
    0.4881684507776469,
    0.47562974451309564
  ],
  "val_loss": [
    1.500694362835735,
    1.03437727608546,
    0.8155351371234649,
    0.7096034808443364,
    0.6518389805324383,
    0.6052102276230256,
    0.57488529556304,
    0.5469558352715402,
    0.5306938808180174,
    0.5202372617395566,
    0.5078023451809911,
    0.5016284286787904,
    0.49028143875853475,
    0.4866072266530828,
    0.47783682016819323,
    0.47528977342199924,
    0.4820594827164769,
    0.46855803788592615,
    0.4662018565942207,
    0.47016092487535693
  ],
  "val_macro_f1": [
    0.5973122710406019,
    0.7255501988551786,
    0.74988511219393,
    0.7799029092741473,
    0.7924526777732073,
    0.8021033523441142,
    0.8122985708961771,
    0.815824722900951,
    0.8187746372828111,
    0.8210192783494975,
    0.8251891339817181,
    0.8267327070091902,
    0.8292579667508401,
    0.8345291773494833,
    0.8374384804579986,
    0.8323957374532714,
    0.8329791104231058,
    0.8364362059990623,
    0.8404385526165596,
    0.8356590495828682
  ],
  "train_acc": [
    0.2959558823529412,
    0.5184904844290658,
    0.6182958477508651,
    0.6778762975778547,
    0.7073961937716263,
    0.7401600346020761,
    0.7528114186851211,
    0.7643814878892734,
    0.7771410034602076,
    0.7894679930795848,
    0.7956314878892734,
    0.8011461937716263,
    0.8051470588235294,
    0.8109861591695502,
    0.8193122837370242,
    0.8236375432525952,
    0.8280709342560554,
    0.8318555363321799,
    0.8352076124567474,
    0.8359645328719724
  ],
  "val_acc": [
    0.627648839556004,
    0.731079717457114,
    0.7537840565085772,
    0.7815338042381433,
    0.7926337033299697,
    0.8022199798183652,
    0.8123107971745711,
    0.8163471241170535,
    0.8183652875882946,
    0.8198789101917255,
    0.8244197780020182,
    0.8269424823410696,
    0.8284561049445005,
    0.834510595358224,
    0.8375378405650857,
    0.8314833501513622,
    0.8329969727547931,
    0.8360242179616549,
    0.8400605449041373,
    0.8355196770938446
  ]
}