{
  "train_loss": [
    2.633708815467399,
    2.5959593998107118,
    2.5033404251695917,
    2.3972365924231323,
    2.3220263697903047,
    2.2817210062152373,
    2.229881532876962,
    2.210913947399925,
    2.1800040923394133,
    2.1657815276545223,
    2.1495609718623045,
    2.1190073250899264,
    2.1092652836266685,
    2.106653147090265,
    2.0951066085727157,
    2.076821657458391,
    2.060526818862011,
    2.051152202909793,
    2.041235331536164,
    2.0378476317366103
  ],
  "val_loss": [
    2.6125453317201464,
    2.5277939651135117,
    2.3949103595991548,
    2.2821913439137664,
    2.201239159321328,
    2.1459618391831876,
    2.1172126635052,
    2.0936511406143063,
    2.0633151898109827,
    2.0475195469456895,
    2.0341755707497313,
    2.014022173121286,
    1.9936564027601487,
    1.9774737110291913,
    1.9694862407824827,
    1.9608156907209595,
    1.933528759164358,
    1.931715582261533,
    1.921086750886996,
    1.9003059367238573
  ],
  "val_macro_f1": [
    0.06258985709436411,
    0.13566701023250047,
    0.14894005477925204,
    0.1788484466292905,
    0.2371843261164648,
    0.23843987926652224,
    0.23951747692551603,
    0.26112736318426677,
    0.26631962317934615,
    0.2760045172291337,
    0.27012604080616864,
    0.2956451403056986,
    0.30210418353647295,
    0.2979692484910718,
    0.28654310072127703,
    0.3167367199157681,
    0.3133303837362753,
    0.3207590483401637,
    0.34444310968827274,
    0.3283615039920278
  ],
  "train_acc": [
    0.08131487889273356,
    0.1298659169550173,
    0.16500865051903113,
    0.19409602076124569,
    0.21355968858131488,
    0.21929065743944637,
    0.23853806228373703,
    0.24697231833910036,
    0.2572448096885813,
    0.2648140138408305,
    0.2664359861591695,
    0.2804930795847751,
    0.2825475778546713,
    0.2816825259515571,
    0.2890354671280277,
    0.29801038062283736,
    0.3040657439446367,
    0.30103806228373703,
    0.30752595155709345,
    0.31390570934256057
  ],
  "val_acc": [
    0.11755802219979819,
    0.20887991927346114,
    0.22250252270433904,
    0.2467204843592331,
    0.281029263370333,
    0.29112008072653883,
    0.289606458123108,
    0.3002018163471241,
    0.31533804238143287,
    0.31533804238143287,
    0.3203834510595358,
    0.3350151362260343,
    0.34460141271442984,
    0.33905146316851664,
    0.3294651866801211,
    0.346619576185671,
    0.35166498486377396,
    0.3562058526740666,
    0.37184661957618564,
    0.36629667003027244
  ]
}