{
  "train_loss": [
    2.6344008930414193,
    2.5962286082106067,
    2.512082109917406,
    2.4108037723801954,
    2.3318114462195796,
    2.2711998114948866,
    2.245779521634422,
    2.2195869557379027,
    2.188143912896153,
    2.1735911120799174,
    2.1458721837370454,
    2.135356133371901,
    2.1186017593091746,
    2.1019935390322266,
    2.089823556090721,
    2.0881992724940024,
    2.0672727331364444,
    2.0683643587939056,
    2.048747074439039,
    2.0414875931393315
  ],
  "val_loss": [
    2.6166185339091403,
    2.5311137941843564,
    2.404209031346588,
    2.2977852696246504,
    2.210856496626145,
    2.150801533286194,
    2.1239788494966585,
    2.0983194485682652,
    2.072650451352209,
    2.055805997939933,
    2.0399710991308018,
    2.0201249135851738,
    2.011222630648993,
    1.9866730475161078,
    1.9806996330122655,
    1.9844225616195248,
    1.9458608225544334,
    1.9459472533792828,
    1.917496587265392,
    1.9137326112067783
  ],
  "val_macro_f1": [
    0.048370318956872084,
    0.12928573538807217,
    0.13858121768591922,
    0.16272277081096745,
    0.22483728392863217,
    0.23247065831317215,
    0.22384469197197684,
    0.2442656513351536,
    0.26351094024266963,
    0.2674966811287386,
    0.2697825355985189,
    0.29079273063134264,
    0.2884252809575956,
    0.299987434616747,
    0.29174837587469044,
    0.29070848986417674,
    0.32209837793625795,
    0.30689651546885893,
    0.32526715355525354,
    0.3215978238954591
  ],
  "train_acc": [
    0.07936851211072664,
    0.13083910034602075,
    0.16241349480968859,
    0.19063581314878894,
    0.21269463667820068,
    0.2292387543252595,
    0.23345588235294118,
    0.24167387543252594,
    0.2552984429065744,
    0.2609212802768166,
    0.26535467128027684,
    0.2682742214532872,
    0.27605968858131485,
    0.2856833910034602,
    0.29119809688581316,
    0.29206314878892736,
    0.30330882352941174,
    0.29801038062283736,
    0.3036332179930796,
    0.3126081314878893
  ],
  "val_acc": [
    0.11755802219979819,
    0.198284561049445,
    0.2119071644803229,
    0.23511604439959638,
    0.2704339051463169,
    0.28506559031281536,
    0.2805247225025227,
    0.289606458123108,
    0.31634712411705346,
    0.3087790110998991,
    0.3193743693239152,
    0.33955600403632696,
    0.3350151362260343,
    0.33905146316851664,
    0.3340060544904137,
    0.32542885973763874,
    0.3567103935418769,
    0.34712411705348134,
    0.35872855701311807,
    0.3602421796165489
  ]
}