{
  "train_loss": [
    2.63374046347133,
    2.596824285893292,
    2.5056961981070494,
    2.4052335763266344,
    2.328716230433705,
    2.278861603419261,
    2.248007886137517,
    2.22262741300474,
    2.1897487921904526,
    2.177742937031914,
    2.154741132548111,
    2.137628865077009,
    2.1274516564442623,
    2.11526378494233,
    2.1003402941779696,
    2.087458446673456,
    2.0798040654213783,
    2.0668645610961947,
    2.0603189817968124,
    2.040119404817535
  ],
  "val_loss": [
    2.6102820385837653,
    2.5212045687840035,
    2.3751330406947284,
    2.2738841895980144,
    2.178262126914909,
    2.1393340239009992,
    2.100828882543639,
    2.083782157070341,
    2.0523602444035736,
    2.0264826072332958,
    2.0090499004850955,
    1.9848018381838601,
    1.9680685050311892,
    1.958546195213056,
    1.9467341990090763,
    1.934327129037782,
    1.9235624510392653,
    1.912777934978997,
    1.8916974279401761,
    1.8908281593342
  ],
  "val_macro_f1": [
    0.09472914413245881,
    0.14022235681742184,
    0.17255692162020955,
    0.18840192539125097,
    0.21053357876624842,
    0.21517064569250335,
    0.2449395585230176,
    0.2367699355842297,
    0.25863188821469907,
    0.2823881766312733,
    0.2691125960066286,
    0.2918596917927699,
    0.29532799984279334,
    0.299991710165194,
    0.3144554039855934,
    0.31123563845241264,
    0.30763202389342487,
    0.3107418305888446,
    0.33185464280819704,
    0.3295943329802073
  ],
  "train_acc": [
    0.08315311418685122,
    0.11926903114186851,
    0.16262975778546712,
    0.19214965397923875,
    0.21583044982698962,
    0.21647923875432526,
    0.23691608996539792,
    0.23713235294117646,
    0.2545415224913495,
    0.25032439446366783,
    0.26438148788927335,
    0.2682742214532872,
    0.2780060553633218,
    0.2780060553633218,
    0.2829801038062284,
    0.2985510380622837,
    0.2977941176470588,
    0.2976859861591695,
    0.2985510380622837,
    0.3096885813148789
  ],
  "val_acc": [
    0.14934409687184663,
    0.20887991927346114,
    0.2386478304742684,
    0.24217961654894046,
    0.26084762865792127,
    0.27447023208879917,
    0.29616548940464177,
    0.28557013118062563,
    0.3087790110998991,
    0.32441977800201816,
    0.31987891019172554,
    0.3375378405650858,
    0.33703329969727547,
    0.3425832492431887,
    0.35317860746720486,
    0.3501513622603431,
    0.3501513622603431,
    0.35368314833501513,
    0.3703329969727548,
    0.3627648839556004
  ]
}