{
  "train_loss": [
    2.633646005783939,
    2.5952128860777224,
    2.505712909269498,
    2.40281265241877,
    2.3265048368579375,
    2.2715480144048645,
    2.238499105286021,
    2.2190213791226845,
    2.194515697374476,
    2.1741712021167716,
    2.151491140308677,
    2.1411116508876575,
    2.1184472806725947,
    2.1151245794803626,
    2.094067530957885,
    2.090657168812405,
    2.0677653097363904,
    2.0665007778105027,
    2.054487620876735,
    2.038367461374474
  ],
  "val_loss": [
    2.6098328957523997,
    2.5182417047733496,
    2.369090109612458,
    2.2596307464853664,
    2.1764704816637317,
    2.135624953403723,
    2.090670254829553,
    2.0942393113096838,
    2.0465854216295583,
    2.0187516946244073,
    2.0031832011508652,
    1.9816461683642852,
    1.9679147945763966,
    1.951822236255488,
    1.9408339900758744,
    1.9275988600208347,
    1.918110421519467,
    1.912263110836387,
    1.8926758440183222,
    1.8977413492655058
  ],
  "val_macro_f1": [
    0.07987042320195555,
    0.1237532058134607,
    0.1713716267174266,
    0.19458641009187533,
    0.21477168651630837,
    0.2057585411213021,
    0.24250112272849217,
    0.24459804243374514,
    0.2656507933468625,
    0.2911878398109149,
    0.28303780729047706,
    0.297358043773742,
    0.30496778821540577,
    0.2997770753098427,
    0.31256064982162923,
    0.3198545415005988,
    0.3061595420979109,
    0.317875070441979,
    0.3338320617489664,
    0.3313354197239824
  ],
  "train_acc": [
    0.08499134948096886,
    0.12370242214532871,
    0.16987456747404844,
    0.1891219723183391,
    0.21301903114186851,
    0.22426470588235295,
    0.23734861591695502,
    0.24134948096885814,
    0.2515138408304498,
    0.25508217993079585,
    0.2629757785467128,
    0.2694636678200692,
    0.2781141868512111,
    0.28027681660899656,
    0.288386678200692,
    0.2865484429065744,
    0.2969290657439446,
    0.30341695501730104,
    0.3060121107266436,
    0.3147707612456747
  ],
  "val_acc": [
    0.13319878910191726,
    0.198284561049445,
    0.24066599394550958,
    0.25277497477295663,
    0.2679112008072654,
    0.2658930373360242,
    0.29364278506559033,
    0.29313824419778,
    0.31331987891019175,
    0.33198789101917253,
    0.32542885973763874,
    0.34006054490413723,
    0.34359233097880926,
    0.3425832492431887,
    0.35267406659939454,
    0.35368314833501513,
    0.3476286579212916,
    0.35923309788092833,
    0.37336024217961655,
    0.36528758829465185
  ]
}