{
  "conservative": {
    "precision": 0.84,
    "recall": 0.7608695652173914,
    "f1-score": 0.7984790874524714,
    "support": 138
  },
  "dressy": {
    "precision": 0.9562043795620438,
    "recall": 0.9703703703703703,
    "f1-score": 0.9632352941176471,
    "support": 135
  },
  "ethnic": {
    "precision": 0.8738738738738738,
    "recall": 0.751937984496124,
    "f1-score": 0.8083333333333333,
    "support": 129
  },
  "fairy": {
    "precision": 0.8260869565217391,
    "recall": 0.9300699300699301,
    "f1-score": 0.8750000000000001,
    "support": 143
  },
  "feminine": {
    "precision": 0.7796610169491526,
    "recall": 0.7603305785123967,
    "f1-score": 0.7698744769874478,
    "support": 121
  },
  "gal": {
    "precision": 0.8676470588235294,
    "recall": 0.8251748251748252,
    "f1-score": 0.8458781362007168,
    "support": 143
  },
  "girlish": {
    "precision": 0.696969696969697,
    "recall": 0.6927710843373494,
    "f1-score": 0.6948640483383686,
    "support": 166
  },
  "kireime-casual": {
    "precision": 0.717391304347826,
    "recall": 0.6265822784810127,
    "f1-score": 0.668918918918919,
    "support": 158
  },
  "lolita": {
    "precision": 0.9423076923076923,
    "recall": 0.91875,
    "f1-score": 0.930379746835443,
    "support": 160
  },
  "mode": {
    "precision": 0.75,
    "recall": 0.8679245283018868,
    "f1-score": 0.8046647230320699,
    "support": 159
  },
  "natural": {
    "precision": 0.773972602739726,
    "recall": 0.875968992248062,
    "f1-score": 0.8218181818181819,
    "support": 129
  },
  "retro": {
    "precision": 0.8125,
    "recall": 0.8188976377952756,
    "f1-score": 0.815686274509804,
    "support": 127
  },
  "rock": {
    "precision": 0.8454545454545455,
    "recall": 0.768595041322314,
    "f1-score": 0.8051948051948052,
    "support": 121
  },
  "street": {
    "precision": 0.8203592814371258,
    "recall": 0.8954248366013072,
    "f1-score": 0.8562500000000001,
    "support": 153
  },
  "accuracy": 0.8183652875882946,
  "macro avg": {
    "precision": 0.8216020292133537,
    "recall": 0.818833403780589,
    "f1-score": 0.8184697876242292,
    "support": 1982
  },
  "weighted avg": {
    "precision": 0.8194698438861192,
    "recall": 0.8183652875882946,
    "f1-score": 0.8171659229977282,
    "support": 1982
  }
}