{
  "train_loss": [
    2.099855549723735,
    1.3061730631024522,
    1.042385086462314,
    0.8928271024310671,
    0.792591976809918,
    0.7167975025092997,
    0.661143941270374,
    0.6294271536044548,
    0.5877795362827742,
    0.5559517303628224,
    0.5196022713766554,
    0.5013014194419628,
    0.47007371470622855,
    0.4461353830201758,
    0.4257808211821542,
    0.40553585160488403
  ],
  "val_loss": [
    1.30158058010365,
    0.9689792328026413,
    0.8090322737879938,
    0.7383383127995113,
    0.6361222539348932,
    0.6044253900733623,
    0.5987134357880497,
    0.5643555562046669,
    0.5719442721479784,
    0.5642923482474763,
    0.5260516911341906,
    0.5237454723371296,
    0.5503737768729233,
    0.5463240433458002,
    0.5584594356564534,
    0.5685468701731252
  ],
  "val_macro_f1": [
    0.5277467042951381,
    0.6399413137934624,
    0.7045112835430337,
    0.7254608876675734,
    0.7727647534367657,
    0.787670303460924,
    0.7801546007378561,
    0.7951345977912387,
    0.795371830259284,
    0.8006430080189126,
    0.8187386849773041,
    0.8145537103119398,
    0.8073149295355877,
    0.8142303731803199,
    0.8020917977703282,
    0.8142672733100902
  ],
  "train_acc": [
    0.28016868512110726,
    0.5282223183391004,
    0.6360294117647058,
    0.6854455017301038,
    0.7236159169550173,
    0.7556228373702422,
    0.7775735294117647,
    0.791955017301038,
    0.8073096885813149,
    0.8133650519031141,
    0.829476643598616,
    0.835856401384083,
    0.846885813148789,
    0.852833044982699,
    0.8588884083044983,
    0.8700259515570934
  ],
  "val_acc": [
    0.5529767911200807,
    0.6518668012108981,
    0.7103935418768921,
    0.7300706357214934,
    0.7754793138244198,
    0.7880928355196771,
    0.781029263370333,
    0.7946518668012109,
    0.798183652875883,
    0.8027245206861756,
    0.8198789101917255,
    0.8143289606458123,
    0.8062563067608476,
    0.8123107971745711,
    0.8042381432896064,
    0.8123107971745711
  ]
}