{
  "train_loss": [
    2.5658940113952005,
    2.180635541368108,
    1.706811087715172,
    1.328569232953461,
    1.0158593956522877,
    0.7760626779140898,
    0.6014273397263565,
    0.49478738645420356,
    0.3934072919808663,
    0.327744424987623,
    0.30065285811477876,
    0.24967176297028584
  ],
  "val_loss": [
    2.289453470141568,
    1.8240094690101538,
    1.5280557702456186,
    1.3168921984890034,
    1.3330809295959358,
    1.3619737433857924,
    1.3746719689349955,
    1.5346205413161085,
    1.6748595857235304,
    1.5973073783002636,
    1.6803544836737192,
    1.8990766178707543
  ],
  "val_macro_f1": [
    0.13233990126804657,
    0.40492080671759656,
    0.5002987855190998,
    0.5732860735369635,
    0.581424159537666,
    0.5803430087676461,
    0.6098984469637561,
    0.5802701430760226,
    0.5872816758374169,
    0.6012523715449849,
    0.6041828787015053,
    0.5974554819132551
  ],
  "train_acc": [
    0.1266219723183391,
    0.2710856401384083,
    0.4504757785467128,
    0.5816392733564014,
    0.6840397923875432,
    0.7660034602076125,
    0.8221237024221453,
    0.8582396193771626,
    0.8899221453287197,
    0.9108996539792388,
    0.9180363321799307,
    0.9297145328719724
  ],
  "val_acc": [
    0.21342078708375378,
    0.4202825428859738,
    0.5080726538849647,
    0.5756811301715439,
    0.5847628657921292,
    0.577699293642785,
    0.6109989909182644,
    0.582744702320888,
    0.5882946518668012,
    0.6009081735620585,
    0.6064581231079718,
    0.5993945509586277
  ]
}