{
  "train_loss": [
    1.8910078183589922,
    0.9799504779717502,
    0.4974443408238434,
    0.2782066320826438,
    0.14765636078936006,
    0.10783436295018889,
    0.08796158176443981,
    0.06342164174392562,
    0.0464759846459623
  ],
  "val_loss": [
    1.1433719438693357,
    0.8363890180854816,
    0.8222000401628727,
    0.89112435935364,
    1.0954063449855649,
    1.3003783589896232,
    1.2515635709950228,
    1.3477157065654257,
    1.3995435619811358
  ],
  "val_macro_f1": [
    0.6156137668347377,
    0.725626162693085,
    0.7498238262614649,
    0.7680648288362225,
    0.7562778383283988,
    0.7392486285754413,
    0.7502065853409274,
    0.7650706365553013,
    0.7679520234732372
  ],
  "train_acc": [
    0.37467560553633217,
    0.6770112456747405,
    0.8451557093425606,
    0.921280276816609,
    0.9622621107266436,
    0.9745891003460208,
    0.9799956747404844,
    0.9860510380622838,
    0.9899437716262975
  ],
  "val_acc": [
    0.6296670030272452,
    0.7270433905146317,
    0.7477295660948536,
    0.763874873864783,
    0.7522704339051464,
    0.7381432896064581,
    0.7497477295660948,
    0.7583249243188698,
    0.7643794147325933
  ]
}