{
  "train_loss": [
    2.405499098622675,
    1.6197265984690312,
    1.2375082885620916,
    1.0468502298358402,
    0.9347738713593219,
    0.8601339081991916,
    0.8045150923017399,
    0.7684172477740729,
    0.7217411997769944,
    0.7037017052948062,
    0.6689596621764367,
    0.6546088764282865,
    0.6377696782015393,
    0.6147387158834604,
    0.600638509454096,
    0.5888406542809776,
    0.5724080319944963,
    0.5564791124868351,
    0.540865753142479,
    0.52071993217955
  ],
  "val_loss": [
    1.8662738820498455,
    1.164883179693482,
    0.9114466898376357,
    0.7875028094417753,
    0.7084508133463855,
    0.6576460715379532,
    0.6284915661715595,
    0.5983961987206722,
    0.5725308616996172,
    0.5605479193744217,
    0.5483374824798192,
    0.5438534796658967,
    0.5326048730600975,
    0.5207249727306885,
    0.5158200796268783,
    0.5090660641701021,
    0.5050916042024746,
    0.4993747006631884,
    0.4977305728179054,
    0.491711739815328
  ],
  "val_macro_f1": [
    0.5548796564440978,
    0.695891500938387,
    0.7508736618154263,
    0.7722625998614812,
    0.7813540968843865,
    0.7991993537649255,
    0.8027504945363129,
    0.8081600074476485,
    0.8120122856555106,
    0.8119048564971271,
    0.8115716294699313,
    0.8079826817001264,
    0.8186181488228931,
    0.8177970589478459,
    0.8178869272379143,
    0.8214740353310106,
    0.8224774696954865,
    0.8213990384416954,
    0.8233292240974048,
    0.8246264322631517
  ],
  "train_acc": [
    0.27854671280276816,
    0.4983780276816609,
    0.5962370242214533,
    0.6512759515570934,
    0.686310553633218,
    0.7164792387543253,
    0.7321583044982699,
    0.7441608996539792,
    0.7624351211072664,
    0.762651384083045,
    0.7737889273356401,
    0.7777897923875432,
    0.7895761245674741,
    0.7908737024221453,
    0.7973615916955017,
    0.8007136678200693,
    0.8101211072664359,
    0.8152032871972318,
    0.8155276816608996,
    0.8259083044982699
  ],
  "val_acc": [
    0.5822401614530777,
    0.7058526740665994,
    0.7552976791120081,
    0.7759838546922301,
    0.7835519677093845,
    0.8007063572149344,
    0.8047426841574168,
    0.8092835519677094,
    0.8133198789101918,
    0.8128153380423815,
    0.8128153380423815,
    0.8092835519677094,
    0.8188698284561049,
    0.8183652875882946,
    0.8183652875882946,
    0.8213925327951564,
    0.8229061553985872,
    0.822401614530777,
    0.8234106962663976,
    0.8244197780020182
  ]
}