{
  "conservative": {
    "precision": 0.7808219178082192,
    "recall": 0.8260869565217391,
    "f1-score": 0.8028169014084506,
    "support": 138
  },
  "dressy": {
    "precision": 0.9090909090909091,
    "recall": 0.9629629629629629,
    "f1-score": 0.935251798561151,
    "support": 135
  },
  "ethnic": {
    "precision": 0.8769230769230769,
    "recall": 0.8837209302325582,
    "f1-score": 0.8803088803088803,
    "support": 129
  },
  "fairy": {
    "precision": 0.9555555555555556,
    "recall": 0.9020979020979021,
    "f1-score": 0.9280575539568345,
    "support": 143
  },
  "feminine": {
    "precision": 0.8090909090909091,
    "recall": 0.7355371900826446,
    "f1-score": 0.7705627705627704,
    "support": 121
  },
  "gal": {
    "precision": 0.937007874015748,
    "recall": 0.8321678321678322,
    "f1-score": 0.8814814814814815,
    "support": 143
  },
  "girlish": {
    "precision": 0.704225352112676,
    "recall": 0.6024096385542169,
    "f1-score": 0.6493506493506493,
    "support": 166
  },
  "kireime-casual": {
    "precision": 0.7305389221556886,
    "recall": 0.7721518987341772,
    "f1-score": 0.7507692307692309,
    "support": 158
  },
  "lolita": {
    "precision": 0.9512195121951219,
    "recall": 0.9811320754716981,
    "f1-score": 0.9659442724458204,
    "support": 159
  },
  "mode": {
    "precision": 0.8503401360544217,
    "recall": 0.7861635220125787,
    "f1-score": 0.8169934640522877,
    "support": 159
  },
  "natural": {
    "precision": 0.8421052631578947,
    "recall": 0.8682170542635659,
    "f1-score": 0.8549618320610687,
    "support": 129
  },
  "retro": {
    "precision": 0.7755102040816326,
    "recall": 0.8976377952755905,
    "f1-score": 0.8321167883211679,
    "support": 127
  },
  "rock": {
    "precision": 0.7887323943661971,
    "recall": 0.9256198347107438,
    "f1-score": 0.8517110266159695,
    "support": 121
  },
  "street": {
    "precision": 0.9261744966442953,
    "recall": 0.8961038961038961,
    "f1-score": 0.9108910891089109,
    "support": 154
  },
  "accuracy": 0.8446014127144299,
  "macro avg": {
    "precision": 0.8455240373751675,
    "recall": 0.8480006777994361,
    "f1-score": 0.8450869813574766,
    "support": 1982
  },
  "weighted avg": {
    "precision": 0.845662842596785,
    "recall": 0.8446014127144299,
    "f1-score": 0.843498367718798,
    "support": 1982
  }
}