{
  "train_loss": [
    2.0992880339080076,
    1.3324336058888777,
    1.045256503380732,
    0.8774203262646332,
    0.7894808274002848,
    0.7113074241620956,
    0.6641830617541191,
    0.6079106959148256,
    0.5732118778074141,
    0.5417231329212007,
    0.5189745900678925,
    0.4849426717858802,
    0.46314942696534384,
    0.4337906879255699,
    0.42627167763918355,
    0.39910949573482507,
    0.38227343800009955,
    0.35934363162603683,
    0.35290216136962355,
    0.3233044560442505
  ],
  "val_loss": [
    1.3075116209979014,
    0.959507541747916,
    0.7554934498911308,
    0.6676061426023422,
    0.6250626604278562,
    0.6112311651477239,
    0.6477628520959622,
    0.559367378207542,
    0.6051102780767995,
    0.6032810506047201,
    0.5580176192657189,
    0.5588561707064904,
    0.5690320117747285,
    0.6225777512721555,
    0.5696095528187255,
    0.6136751620181884,
    0.5668134702739375,
    0.6784771539941764,
    0.5775223513105983,
    0.5815009319823279
  ],
  "val_macro_f1": [
    0.528262951223647,
    0.6627271892990628,
    0.7355000502803787,
    0.7665234944733242,
    0.7777953442426107,
    0.7892916746441528,
    0.7787284618142074,
    0.8019806264024653,
    0.7954333580462871,
    0.7873460577125578,
    0.8061131647723485,
    0.805643247116804,
    0.8100194519210245,
    0.7936946893529481,
    0.8150205327599578,
    0.8049528841392538,
    0.8121998834043607,
    0.8058554627581251,
    0.8206257880936176,
    0.8230178598989724
  ],
  "train_acc": [
    0.27768166089965396,
    0.5118944636678201,
    0.6294333910034602,
    0.6889057093425606,
    0.7228589965397924,
    0.7561634948096886,
    0.7725994809688581,
    0.7916306228373703,
    0.8082828719723183,
    0.8167171280276817,
    0.8282871972318339,
    0.8396410034602076,
    0.8469939446366782,
    0.8586721453287197,
    0.8604022491349481,
    0.8658088235294118,
    0.8748918685121108,
    0.8810553633217993,
    0.8810553633217993,
    0.8941392733564014
  ],
  "val_acc": [
    0.558526740665994,
    0.677598385469223,
    0.7386478304742684,
    0.7658930373360242,
    0.781029263370333,
    0.7896064581231079,
    0.7795156407669022,
    0.8022199798183652,
    0.7966700302724521,
    0.7901109989909183,
    0.8072653884964682,
    0.8057517658930373,
    0.8102926337033299,
    0.7971745711402624,
    0.8158425832492432,
    0.805247225025227,
    0.8123107971745711,
    0.8047426841574168,
    0.8208879919273461,
    0.822401614530777
  ]
}