{
  "conservative": {
    "precision": 0.848,
    "recall": 0.7681159420289855,
    "f1-score": 0.8060836501901141,
    "support": 138.0
  },
  "dressy": {
    "precision": 0.9548872180451128,
    "recall": 0.9477611940298507,
    "f1-score": 0.951310861423221,
    "support": 134.0
  },
  "ethnic": {
    "precision": 0.8702290076335878,
    "recall": 0.8837209302325582,
    "f1-score": 0.8769230769230769,
    "support": 129.0
  },
  "fairy": {
    "precision": 0.9276315789473685,
    "recall": 0.9791666666666666,
    "f1-score": 0.9527027027027027,
    "support": 144.0
  },
  "feminine": {
    "precision": 0.7461538461538462,
    "recall": 0.8016528925619835,
    "f1-score": 0.7729083665338645,
    "support": 121.0
  },
  "gal": {
    "precision": 0.8482758620689655,
    "recall": 0.8601398601398601,
    "f1-score": 0.8541666666666666,
    "support": 143.0
  },
  "girlish": {
    "precision": 0.7876712328767124,
    "recall": 0.6927710843373494,
    "f1-score": 0.7371794871794872,
    "support": 166.0
  },
  "kireime-casual": {
    "precision": 0.7300613496932515,
    "recall": 0.7531645569620253,
    "f1-score": 0.7414330218068536,
    "support": 158.0
  },
  "lolita": {
    "precision": 0.95,
    "recall": 0.95,
    "f1-score": 0.95,
    "support": 160.0
  },
  "mode": {
    "precision": 0.8322147651006712,
    "recall": 0.779874213836478,
    "f1-score": 0.8051948051948052,
    "support": 159.0
  },
  "natural": {
    "precision": 0.8195488721804511,
    "recall": 0.8449612403100775,
    "f1-score": 0.8320610687022901,
    "support": 129.0
  },
  "retro": {
    "precision": 0.8145161290322581,
    "recall": 0.7952755905511811,
    "f1-score": 0.8047808764940239,
    "support": 127.0
  },
  "rock": {
    "precision": 0.7753623188405797,
    "recall": 0.8842975206611571,
    "f1-score": 0.8262548262548263,
    "support": 121.0
  },
  "street": {
    "precision": 0.8954248366013072,
    "recall": 0.8954248366013072,
    "f1-score": 0.8954248366013072,
    "support": 153.0
  },
  "accuracy": 0.8435923309788093,
  "macro avg": {
    "precision": 0.8428555012267224,
    "recall": 0.84545189492282,
    "f1-score": 0.8433160176195171,
    "support": 1982.0
  },
  "weighted avg": {
    "precision": 0.8440034809635905,
    "recall": 0.8435923309788093,
    "f1-score": 0.842966337260629,
    "support": 1982.0
  }
}