{
  "train_loss": [
    2.223790646140757,
    1.3758382091240693,
    1.082643667368096,
    0.9267818898890671,
    0.8253580858821378,
    0.7653485986510465,
    0.7055524900659539,
    0.6773636269187361,
    0.6517012241424567,
    0.6255723047221263,
    0.6053948120734087,
    0.5809510015762914,
    0.5651579329480612,
    0.5404703090133836,
    0.5297441766303774,
    0.5135773058483873,
    0.49880397200100424,
    0.4851231096720965,
    0.4749691231690056,
    0.4625375193136782
  ],
  "val_loss": [
    1.4926346609017442,
    0.9933813582395329,
    0.8049703013042869,
    0.6996092604648032,
    0.6466494244452863,
    0.6199291681985472,
    0.5882388221468366,
    0.5641484098573799,
    0.5422985574585789,
    0.5313023524887496,
    0.5236565144490601,
    0.5121540178645376,
    0.5058180380367799,
    0.5017266523656384,
    0.5017014380582485,
    0.49095532771432066,
    0.4860464814244149,
    0.48568436025807965,
    0.48356842562361496,
    0.48265409859631064
  ],
  "val_macro_f1": [
    0.5818441730297742,
    0.7320263196907978,
    0.7477692898729243,
    0.7898757783424386,
    0.7894289809616586,
    0.7914106841624123,
    0.8043787920850305,
    0.8094410893926698,
    0.814571768844644,
    0.817907104581942,
    0.8172365817920202,
    0.8190550616138704,
    0.8244324688676864,
    0.8211102667369462,
    0.8250337523048212,
    0.8291290085013617,
    0.8272943744464136,
    0.8318890887255252,
    0.8302751332345851,
    0.8352741107776319
  ],
  "train_acc": [
    0.305363321799308,
    0.5461721453287197,
    0.6237024221453287,
    0.6855536332179931,
    0.7232915224913494,
    0.7402681660899654,
    0.7587586505190311,
    0.7702205882352942,
    0.7773572664359861,
    0.789143598615917,
    0.7959558823529411,
    0.8022275086505191,
    0.8105536332179931,
    0.8139057093425606,
    0.8163927335640139,
    0.8234212802768166,
    0.8254757785467128,
    0.8353157439446367,
    0.8355320069204152,
    0.8423442906574394
  ],
  "val_acc": [
    0.6145307769929365,
    0.7376387487386479,
    0.7552976791120081,
    0.7921291624621595,
    0.7921291624621595,
    0.7926337033299697,
    0.8057517658930373,
    0.8102926337033299,
    0.8153380423814329,
    0.8178607467204844,
    0.8173562058526741,
    0.8183652875882946,
    0.8244197780020182,
    0.8213925327951564,
    0.8254288597376388,
    0.829465186680121,
    0.8269424823410696,
    0.8319878910191726,
    0.8299697275479314,
    0.8350151362260343
  ]
}