{
  "train_loss": [
    2.613952927110929,
    2.337053774137398,
    2.0067174655343423,
    1.6379183334359662,
    1.313447357100599,
    1.0524611912255262,
    0.8112165644429753,
    0.6639392265218558,
    0.5305110689471749,
    0.4391791831611762,
    0.36620109996220235,
    0.3350020892608743,
    0.27653546654538713,
    0.2393778799082375
  ],
  "val_loss": [
    2.461978485076627,
    2.136011271856868,
    1.8069552242094284,
    1.6081801126029729,
    1.5122212259367664,
    1.469775264486896,
    1.5213712423769183,
    1.731536518432779,
    1.6643400565767144,
    1.7789304600474092,
    2.19736326919675,
    2.1322462605660184,
    2.1590315886029803,
    2.118288070234112
  ],
  "val_macro_f1": [
    0.07679249531310892,
    0.2626681518227665,
    0.4163808345136913,
    0.4549309168485885,
    0.4955223986690297,
    0.5296750353576823,
    0.55573034709716,
    0.5196233558254378,
    0.5708813646755051,
    0.5497889624888818,
    0.5252233187021019,
    0.5192280222248534,
    0.519941524725444,
    0.5505634831857625
  ],
  "train_acc": [
    0.10596885813148789,
    0.21031574394463667,
    0.3307742214532872,
    0.45880190311418684,
    0.5690960207612457,
    0.6626297577854672,
    0.7455666089965398,
    0.7973615916955017,
    0.8454801038062284,
    0.8703503460207612,
    0.8980320069204152,
    0.9085207612456747,
    0.9263624567474048,
    0.9369593425605537
  ],
  "val_acc": [
    0.16397578203834512,
    0.30978809283551967,
    0.43491422805247226,
    0.4818365287588295,
    0.5060544904137235,
    0.5332996972754793,
    0.5534813319878911,
    0.5237134207870837,
    0.5645812310797175,
    0.5565085771947528,
    0.5196770938446014,
    0.520686175580222,
    0.5095862764883956,
    0.5529767911200807
  ]
}