{
  "train_loss": [
    2.644503768340114,
    2.576855179347794,
    2.454024800379796,
    2.208663691286397,
    1.9225011700989878,
    1.5730854309966407,
    1.3065763418030987,
    1.0637017800166533,
    0.8663815047243887,
    0.7007986489928305,
    0.6033811811422188,
    0.5047475699219324,
    0.4379308359974602,
    0.3724807296270524,
    0.3428192170124153
  ],
  "val_loss": [
    2.5781067697600086,
    2.5369743706600216,
    2.2374106213736127,
    2.0938122054763086,
    1.7208425096498368,
    1.569294430052356,
    1.4685790565252064,
    1.6473883234047144,
    1.6682791765534914,
    1.7437544475289815,
    1.8977517952351228,
    1.9757079912122155,
    1.9919987441793339,
    2.1090255776038687,
    2.3364993634471136
  ],
  "val_macro_f1": [
    0.043141385435062504,
    0.06778688150585677,
    0.14925752843530388,
    0.2532806056807806,
    0.40359678771747654,
    0.44954808559667825,
    0.5170709337053067,
    0.48153743063295895,
    0.4981176419512034,
    0.5285117902753422,
    0.5164720534607945,
    0.5284905156450473,
    0.5253564266822305,
    0.5106402658188532,
    0.5129991281624984
  ],
  "train_acc": [
    0.08055795847750866,
    0.11678200692041522,
    0.1683607266435986,
    0.2517301038062284,
    0.3602941176470588,
    0.4836721453287197,
    0.5670415224913494,
    0.6492214532871973,
    0.7165873702422145,
    0.7785467128027682,
    0.8147707612456747,
    0.8505622837370242,
    0.8744593425605537,
    0.8942474048442907,
    0.9052768166089965
  ],
  "val_acc": [
    0.12613521695257315,
    0.15237134207870837,
    0.23814328960645811,
    0.30171543895055497,
    0.4253279515640767,
    0.470736629667003,
    0.5181634712411706,
    0.4909182643794147,
    0.49747729566094856,
    0.5332996972754793,
    0.513622603430878,
    0.5257315842583249,
    0.5221997981836529,
    0.508577194752775,
    0.5141271442986882
  ]
}