{
  "conservative": {
    "precision": 0.7328767123287672,
    "recall": 0.7753623188405797,
    "f1-score": 0.7535211267605635,
    "support": 138
  },
  "dressy": {
    "precision": 0.9767441860465116,
    "recall": 0.9402985074626866,
    "f1-score": 0.9581749049429658,
    "support": 134
  },
  "ethnic": {
    "precision": 0.9285714285714286,
    "recall": 0.8062015503875969,
    "f1-score": 0.8630705394190872,
    "support": 129
  },
  "fairy": {
    "precision": 0.9635036496350365,
    "recall": 0.9166666666666666,
    "f1-score": 0.9395017793594307,
    "support": 144
  },
  "feminine": {
    "precision": 0.7046979865771812,
    "recall": 0.8677685950413223,
    "f1-score": 0.7777777777777777,
    "support": 121
  },
  "gal": {
    "precision": 0.8,
    "recall": 0.8671328671328671,
    "f1-score": 0.832214765100671,
    "support": 143
  },
  "girlish": {
    "precision": 0.7642857142857142,
    "recall": 0.6445783132530121,
    "f1-score": 0.6993464052287581,
    "support": 166
  },
  "kireime-casual": {
    "precision": 0.7464788732394366,
    "recall": 0.6708860759493671,
    "f1-score": 0.7066666666666667,
    "support": 158
  },
  "lolita": {
    "precision": 0.9230769230769231,
    "recall": 0.9811320754716981,
    "f1-score": 0.9512195121951219,
    "support": 159
  },
  "mode": {
    "precision": 0.8486842105263158,
    "recall": 0.8113207547169812,
    "f1-score": 0.8295819935691319,
    "support": 159
  },
  "natural": {
    "precision": 0.7928571428571428,
    "recall": 0.8604651162790697,
    "f1-score": 0.8252788104089218,
    "support": 129
  },
  "retro": {
    "precision": 0.8319327731092437,
    "recall": 0.7795275590551181,
    "f1-score": 0.8048780487804877,
    "support": 127
  },
  "rock": {
    "precision": 0.7769784172661871,
    "recall": 0.8925619834710744,
    "f1-score": 0.8307692307692307,
    "support": 121
  },
  "street": {
    "precision": 0.9281045751633987,
    "recall": 0.922077922077922,
    "f1-score": 0.9250814332247557,
    "support": 154
  },
  "accuracy": 0.8355196770938446,
  "macro avg": {
    "precision": 0.837056613763092,
    "recall": 0.8382843075575687,
    "f1-score": 0.8355059281573979,
    "support": 1982
  },
  "weighted avg": {
    "precision": 0.838355721949845,
    "recall": 0.8355196770938446,
    "f1-score": 0.8348546435338184,
    "support": 1982
  }
}