{
  "train_loss": [
    2.197206480074094,
    1.4024849392757284,
    1.1027094037981002,
    0.9335344748645634,
    0.8407238725150668,
    0.7771814665587935,
    0.7228045087609002,
    0.6863230001991034,
    0.6497431470693096,
    0.6333355092996197,
    0.5991963325406724,
    0.5913425644760577,
    0.5613043634367988,
    0.5486709496110499,
    0.5392088969923402,
    0.5205846464209146,
    0.5140978486749874,
    0.501923890198278,
    0.4861567207993468,
    0.46886797649834716
  ],
  "val_loss": [
    1.4706527735703407,
    1.0022549019632137,
    0.7998569636153645,
    0.6861961720253817,
    0.6289543322692546,
    0.5943006659537463,
    0.5545222922467921,
    0.5355558533420717,
    0.5236156458818888,
    0.5062963115493085,
    0.49373815845374835,
    0.4834888803868486,
    0.48227801006080584,
    0.479942021706103,
    0.4720839963909652,
    0.4633511316116268,
    0.46325389847820053,
    0.46161988986501945,
    0.4548771605729647,
    0.45459158296847674
  ],
  "val_macro_f1": [
    0.6151745534204591,
    0.7138537442288302,
    0.7674850133108971,
    0.7943214576933791,
    0.7962293613798358,
    0.8047979685136462,
    0.8129187902883686,
    0.8170436681920153,
    0.8189632757573974,
    0.8253654168344405,
    0.8281228278977074,
    0.8331480248007038,
    0.8282599602003938,
    0.8316174486441332,
    0.8340492119351176,
    0.8385851634433289,
    0.8354599005087687,
    0.8356647990269256,
    0.8427598433820025,
    0.8404501785926434
  ],
  "train_acc": [
    0.30374134948096887,
    0.532439446366782,
    0.6295415224913494,
    0.684364186851211,
    0.7142084775086506,
    0.7304282006920415,
    0.7588667820069204,
    0.7682742214532872,
    0.7817906574394463,
    0.784385813148789,
    0.7937932525951558,
    0.801038062283737,
    0.808174740484429,
    0.8115268166089965,
    0.8183391003460208,
    0.8235294117647058,
    0.8253676470588235,
    0.8295847750865052,
    0.8323961937716263,
    0.8405060553633218
  ],
  "val_acc": [
    0.6367305751765893,
    0.7230070635721494,
    0.7704339051463168,
    0.7961654894046418,
    0.7986881937436933,
    0.8072653884964682,
    0.8148335015136225,
    0.8188698284561049,
    0.8193743693239153,
    0.8264379414732593,
    0.8284561049445005,
    0.8340060544904138,
    0.8289606458123108,
    0.8314833501513622,
    0.834510595358224,
    0.8385469223007064,
    0.8360242179616549,
    0.8360242179616549,
    0.8435923309788093,
    0.8410696266397578
  ]
}