{
  "train_loss": [
    2.634786859515629,
    2.5947369153524353,
    2.5062177181243896,
    2.4007861976186295,
    2.324012231455542,
    2.268962563424787,
    2.2375253957654366,
    2.2126669177340803,
    2.1893859991359053,
    2.168359792253138,
    2.153206691197458,
    2.1344714303948886,
    2.1226161373940307,
    2.109701743072292,
    2.0907979761234206,
    2.083105894727278,
    2.07611663479706,
    2.062150787523461,
    2.0592866997817807,
    2.041667626597065
  ],
  "val_loss": [
    2.614471385264854,
    2.5287157307960673,
    2.3780598378205515,
    2.253878359356754,
    2.1855102680044625,
    2.1359024247536142,
    2.0953032347316336,
    2.0630384340777046,
    2.0475353670168355,
    2.0261462624931914,
    2.0076744664689725,
    1.9999893060485963,
    2.0003513476682597,
    1.9728100691986854,
    1.9564525876588947,
    1.9491667278359084,
    1.9420490197529106,
    1.91837747474732,
    1.9089265021257757,
    1.9082693057632831
  ],
  "val_macro_f1": [
    0.08799751935322518,
    0.14974063013675026,
    0.17444739250171643,
    0.19851549443791902,
    0.20983440328298888,
    0.21232631384139458,
    0.229809949726921,
    0.24320576656386478,
    0.249615187527223,
    0.2617220825522054,
    0.259742437104616,
    0.27728949094250477,
    0.2848378332113839,
    0.29653938414073705,
    0.30072351487445104,
    0.30417873971806114,
    0.3022727059434508,
    0.3124109391215985,
    0.3285024325099428,
    0.3164223345784861
  ],
  "train_acc": [
    0.08261245674740485,
    0.1278114186851211,
    0.1680363321799308,
    0.20296280276816608,
    0.2122621107266436,
    0.22718425605536333,
    0.23475346020761245,
    0.2426470588235294,
    0.2512975778546713,
    0.25908304498269896,
    0.2703287197231834,
    0.26838235294117646,
    0.2796280276816609,
    0.2813581314878893,
    0.29022491349480967,
    0.29271193771626297,
    0.2967128027681661,
    0.30266003460207613,
    0.30417387543252594,
    0.3076340830449827
  ],
  "val_acc": [
    0.13521695257315844,
    0.2330978809283552,
    0.24873864783047428,
    0.260343087790111,
    0.26538849646821394,
    0.27447023208879917,
    0.28355196770938446,
    0.29818365287588294,
    0.30474268415741673,
    0.3092835519677094,
    0.3092835519677094,
    0.3218970736629667,
    0.33097880928355194,
    0.33955600403632696,
    0.3440968718466196,
    0.343087790110999,
    0.34561049445005043,
    0.35519677093844604,
    0.363773965691221,
    0.3562058526740666
  ]
}