{
  "train_loss": [
    2.6353480040408335,
    2.598512707490822,
    2.5101329127397505,
    2.403086336220012,
    2.327961335854547,
    2.2704094774170316,
    2.242849339869608,
    2.2118417022549983,
    2.186888850168373,
    2.1639786966944237,
    2.1531750925890716,
    2.1274630658354314,
    2.120426584073829,
    2.101881200570136,
    2.0871051635502944,
    2.081110135855147,
    2.0753640682020813,
    2.065235820402324,
    2.0522125619093026,
    2.0407778455724355
  ],
  "val_loss": [
    2.6139807090027904,
    2.5329237908094853,
    2.3754303669472394,
    2.25030137335376,
    2.194200820326204,
    2.1422939608484417,
    2.09492757053356,
    2.066983094249075,
    2.0500851572462095,
    2.0239365305356856,
    2.0177945871766956,
    1.9932889644842215,
    1.983009852025391,
    1.9687629082850082,
    1.9524470540036105,
    1.9555488761089646,
    1.9360136906386143,
    1.9215594480785905,
    1.9103006309746011,
    1.8986448921661685
  ],
  "val_macro_f1": [
    0.12842479302234167,
    0.11711596614599681,
    0.179229308838906,
    0.19577740442738908,
    0.22427325812645763,
    0.2020209550038373,
    0.22722973819062625,
    0.24792532387554786,
    0.2515741779461677,
    0.26911829109827945,
    0.2752774783531658,
    0.2886113214552746,
    0.2839884844233736,
    0.2977957636147937,
    0.3128671631018056,
    0.29603872481004456,
    0.3109384967747118,
    0.31914550851238893,
    0.32645337376663275,
    0.3207908197599886
  ],
  "train_acc": [
    0.08304498269896193,
    0.12413494809688581,
    0.16619809688581316,
    0.1939878892733564,
    0.21572231833910036,
    0.2289143598615917,
    0.23302335640138408,
    0.2410250865051903,
    0.25259515570934254,
    0.2601643598615917,
    0.2670847750865052,
    0.27205882352941174,
    0.2790873702422145,
    0.2869809688581315,
    0.28633217993079585,
    0.29573961937716264,
    0.29725346020761245,
    0.2977941176470588,
    0.305363321799308,
    0.3055795847750865
  ],
  "val_acc": [
    0.17457114026236126,
    0.1917255297679112,
    0.256811301715439,
    0.260343087790111,
    0.27547931382441976,
    0.2729566094853683,
    0.2885973763874874,
    0.3067608476286579,
    0.30171543895055497,
    0.31533804238143287,
    0.32441977800201816,
    0.3304742684157417,
    0.33097880928355194,
    0.34006054490413723,
    0.3486377396569122,
    0.33804238143289606,
    0.35166498486377396,
    0.36427850655903127,
    0.3627648839556004,
    0.35872855701311807
  ]
}