{
  "train_loss": [
    2.635357456636264,
    2.5940108064136704,
    2.501389357251692,
    2.3975400368853834,
    2.3215055017116573,
    2.2637692304218517,
    2.223781004187145,
    2.2059587368090674,
    2.1778596409670623,
    2.1694872812416315,
    2.143154727237035,
    2.1327445133747114,
    2.1139274088981654,
    2.096690161108558,
    2.0922638617687985,
    2.0723966822079722,
    2.0582431217584642,
    2.063085484360329,
    2.0425562766802763,
    2.029897282589678
  ],
  "val_loss": [
    2.611914539192808,
    2.5256295021318884,
    2.3836080467424288,
    2.2564199930724174,
    2.1904908270696337,
    2.1286068665151276,
    2.1135250386508515,
    2.0689403257745305,
    2.0501177308537764,
    2.0269369590655346,
    2.013247212536039,
    1.9995132678693046,
    1.9837670951750876,
    1.9664261163062935,
    1.9467215749738676,
    1.9374164000048286,
    1.9584132070858953,
    1.9081093285807929,
    1.906537044902382,
    1.9033465281985964
  ],
  "val_macro_f1": [
    0.07767942110049568,
    0.1524458085595374,
    0.1575637482399061,
    0.2001150711849439,
    0.20033958604124016,
    0.2362289588582002,
    0.23765649231382244,
    0.27457095388978303,
    0.2796717950904717,
    0.28601964734672797,
    0.2924930704173447,
    0.30413622100951204,
    0.30246985231565315,
    0.3127057469386851,
    0.3251797005842296,
    0.3162631664986809,
    0.31810124907146803,
    0.33257808943109535,
    0.33579275634433625,
    0.34283863593503067
  ],
  "train_acc": [
    0.08758650519031141,
    0.13029844290657439,
    0.17106401384083045,
    0.19063581314878894,
    0.2102076124567474,
    0.21983131487889274,
    0.23648356401384082,
    0.24232266435986158,
    0.25670415224913495,
    0.2564878892733564,
    0.26448961937716264,
    0.27303200692041524,
    0.2731401384083045,
    0.283628892733564,
    0.28622404844290655,
    0.29660467128027684,
    0.2991998269896194,
    0.3068771626297578,
    0.3064446366782007,
    0.3120674740484429
  ],
  "val_acc": [
    0.16044399596367306,
    0.22452068617558021,
    0.2209889001009082,
    0.26185671039354186,
    0.25731584258324924,
    0.289606458123108,
    0.2875882946518668,
    0.31281533804238143,
    0.3218970736629667,
    0.32643794147325933,
    0.3355196770938446,
    0.34561049445005043,
    0.34157416750756814,
    0.34611503531786075,
    0.3602421796165489,
    0.35317860746720486,
    0.35368314833501513,
    0.36730575176589303,
    0.36881937436932394,
    0.3748738647830474
  ]
}