{
  "train_loss": [
    2.634559237833254,
    2.5993228191735422,
    2.5146628471806802,
    2.4033025360849902,
    2.3212044413320747,
    2.2665525895501504,
    2.229152222405668,
    2.2092645493139447,
    2.1758417457239028,
    2.1527096867355096,
    2.138951976406533,
    2.1365935659119826,
    2.1171626078422507,
    2.1022144051777865,
    2.094268166585777,
    2.0750367538326753,
    2.0663177777326642,
    2.063773920069929,
    2.0538207613266874,
    2.041973350472929
  ],
  "val_loss": [
    2.614219357098869,
    2.5361290079072556,
    2.3909972462235496,
    2.2616073024260888,
    2.185735274275425,
    2.1301339331837643,
    2.0987060815847727,
    2.078724643897818,
    2.046099103182765,
    2.028323657096455,
    2.0096495914170527,
    2.0094712011508578,
    1.9906907529089934,
    1.9692611942137286,
    1.9553886347654248,
    1.9414308042266415,
    1.9663582480880013,
    1.9225539785822032,
    1.9165460926252225,
    1.9114252801619913
  ],
  "val_macro_f1": [
    0.057723846546861725,
    0.15919633349127957,
    0.16152752124168887,
    0.1997856928125641,
    0.21174639937416564,
    0.24416022066270968,
    0.2562242972948761,
    0.26759223103557767,
    0.2812241212033496,
    0.284126819259268,
    0.28697255464368626,
    0.2941043281517552,
    0.29814216233219076,
    0.30736778539764853,
    0.32377582759785106,
    0.31842691365759773,
    0.3099614474082944,
    0.3250709659663076,
    0.331688242322678,
    0.3341315612771513
  ],
  "train_acc": [
    0.08564013840830449,
    0.11959342560553633,
    0.16100778546712802,
    0.19409602076124569,
    0.21323529411764705,
    0.22534602076124569,
    0.23161764705882354,
    0.2426470588235294,
    0.2516219723183391,
    0.2576773356401384,
    0.2695717993079585,
    0.27303200692041524,
    0.2828719723183391,
    0.2808174740484429,
    0.28644031141868515,
    0.29087370242214533,
    0.2937932525951557,
    0.30201124567474047,
    0.3024437716262976,
    0.30503892733564014
  ],
  "val_acc": [
    0.10898082744702321,
    0.21594349142280525,
    0.22300706357214933,
    0.25731584258324924,
    0.2714429868819374,
    0.2956609485368315,
    0.3007063572149344,
    0.3057517658930373,
    0.3274470232088799,
    0.32341069626639757,
    0.3350151362260343,
    0.33804238143289606,
    0.3375378405650858,
    0.346619576185671,
    0.35822401614530774,
    0.35519677093844604,
    0.346619576185671,
    0.3632694248234107,
    0.36730575176589303,
    0.3647830474268416
  ]
}