{
  "conservative": {
    "precision": 0.8225806451612904,
    "recall": 0.7391304347826086,
    "f1-score": 0.7786259541984734,
    "support": 138
  },
  "dressy": {
    "precision": 0.9694656488549618,
    "recall": 0.9477611940298507,
    "f1-score": 0.9584905660377357,
    "support": 134
  },
  "ethnic": {
    "precision": 0.8396946564885496,
    "recall": 0.8527131782945736,
    "f1-score": 0.8461538461538461,
    "support": 129
  },
  "fairy": {
    "precision": 0.9210526315789473,
    "recall": 0.9722222222222222,
    "f1-score": 0.9459459459459458,
    "support": 144
  },
  "feminine": {
    "precision": 0.8095238095238095,
    "recall": 0.7024793388429752,
    "f1-score": 0.7522123893805311,
    "support": 121
  },
  "gal": {
    "precision": 0.8473282442748091,
    "recall": 0.7762237762237763,
    "f1-score": 0.8102189781021899,
    "support": 143
  },
  "girlish": {
    "precision": 0.67,
    "recall": 0.8072289156626506,
    "f1-score": 0.7322404371584699,
    "support": 166
  },
  "kireime-casual": {
    "precision": 0.7175141242937854,
    "recall": 0.8037974683544303,
    "f1-score": 0.7582089552238805,
    "support": 158
  },
  "lolita": {
    "precision": 0.9490445859872612,
    "recall": 0.93125,
    "f1-score": 0.9400630914826499,
    "support": 160
  },
  "mode": {
    "precision": 0.8193548387096774,
    "recall": 0.7987421383647799,
    "f1-score": 0.8089171974522293,
    "support": 159
  },
  "natural": {
    "precision": 0.8257575757575758,
    "recall": 0.8449612403100775,
    "f1-score": 0.8352490421455938,
    "support": 129
  },
  "retro": {
    "precision": 0.89,
    "recall": 0.7007874015748031,
    "f1-score": 0.7841409691629956,
    "support": 127
  },
  "rock": {
    "precision": 0.7878787878787878,
    "recall": 0.859504132231405,
    "f1-score": 0.8221343873517786,
    "support": 121
  },
  "street": {
    "precision": 0.8774193548387097,
    "recall": 0.8888888888888888,
    "f1-score": 0.8831168831168831,
    "support": 153
  },
  "accuracy": 0.8324924318869829,
  "macro avg": {
    "precision": 0.8390439216677261,
    "recall": 0.8304064521273603,
    "f1-score": 0.8325513316366574,
    "support": 1982
  },
  "weighted avg": {
    "precision": 0.8372048648559508,
    "recall": 0.8324924318869829,
    "f1-score": 0.832715551420234,
    "support": 1982
  }
}