{
  "train_loss": [
    2.123805937005987,
    1.3126166522999174,
    1.0244058145328576,
    0.8698388245697922,
    0.7718910630711815,
    0.7022562009150688,
    0.6648094270960025,
    0.6114673685470989,
    0.5868199826486441,
    0.5528369362956069,
    0.5207853641572077,
    0.4949753715753979,
    0.474613594325328,
    0.4405641073838494,
    0.43435414542552836,
    0.4052732387222101,
    0.3841129738310313,
    0.3660257612217213,
    0.34843626500623687,
    0.33810437151760353
  ],
  "val_loss": [
    1.3076764666949945,
    0.8962667789667333,
    0.7796950709116086,
    0.7055509218177358,
    0.6539707631182854,
    0.6560601581406792,
    0.606158152528062,
    0.5898564393144837,
    0.6068037561506059,
    0.5668960739693987,
    0.5608074563901023,
    0.5529091517260302,
    0.5783489876535477,
    0.5651149261987114,
    0.5475126267691575,
    0.6105737735051882,
    0.5519746615482015,
    0.6191209742604279,
    0.5648518742307845,
    0.5938950401017513
  ],
  "val_macro_f1": [
    0.5217241042352687,
    0.6942372031677045,
    0.707313062120904,
    0.7479370003431305,
    0.7647551509719668,
    0.7648078106456984,
    0.7864849859450013,
    0.7889991525516553,
    0.7869385396991401,
    0.8051276764276205,
    0.810226343185629,
    0.8117521731414442,
    0.7999217624495009,
    0.8097252198085894,
    0.8217371193928465,
    0.797101721582683,
    0.8179776080255389,
    0.8052616331292526,
    0.8259715793012578,
    0.8077166569015902
  ],
  "train_acc": [
    0.2756271626297578,
    0.5317906574394463,
    0.6365700692041523,
    0.6930147058823529,
    0.7299956747404844,
    0.7594074394463668,
    0.7707612456747405,
    0.7894679930795848,
    0.8004974048442907,
    0.8117430795847751,
    0.825151384083045,
    0.8360726643598616,
    0.8414792387543253,
    0.8491565743944637,
    0.8555363321799307,
    0.8658088235294118,
    0.8726211072664359,
    0.8825692041522492,
    0.8835423875432526,
    0.8824610726643599
  ],
  "val_acc": [
    0.5600403632694249,
    0.6977800201816348,
    0.7169525731584259,
    0.7507568113017155,
    0.7643794147325933,
    0.7653884964682139,
    0.7875882946518667,
    0.7906155398587286,
    0.7875882946518667,
    0.8047426841574168,
    0.8102926337033299,
    0.8113017154389506,
    0.8007063572149344,
    0.8107971745711403,
    0.8203834510595358,
    0.798183652875883,
    0.8173562058526741,
    0.8032290615539859,
    0.8249243188698284,
    0.8072653884964682
  ]
}