{
  "conservative": {
    "precision": 0.7278481012658228,
    "recall": 0.8333333333333334,
    "f1-score": 0.777027027027027,
    "support": 138
  },
  "dressy": {
    "precision": 0.9776119402985075,
    "recall": 0.9776119402985075,
    "f1-score": 0.9776119402985075,
    "support": 134
  },
  "ethnic": {
    "precision": 0.8285714285714286,
    "recall": 0.8992248062015504,
    "f1-score": 0.8624535315985131,
    "support": 129
  },
  "fairy": {
    "precision": 0.9266666666666666,
    "recall": 0.972027972027972,
    "f1-score": 0.9488054607508531,
    "support": 143
  },
  "feminine": {
    "precision": 0.7686567164179104,
    "recall": 0.8512396694214877,
    "f1-score": 0.8078431372549021,
    "support": 121
  },
  "gal": {
    "precision": 0.8223684210526315,
    "recall": 0.8741258741258742,
    "f1-score": 0.8474576271186441,
    "support": 143
  },
  "girlish": {
    "precision": 0.784,
    "recall": 0.5903614457831325,
    "f1-score": 0.6735395189003437,
    "support": 166
  },
  "kireime-casual": {
    "precision": 0.6967741935483871,
    "recall": 0.6835443037974683,
    "f1-score": 0.6900958466453673,
    "support": 158
  },
  "lolita": {
    "precision": 0.9741935483870968,
    "recall": 0.94375,
    "f1-score": 0.9587301587301588,
    "support": 160
  },
  "mode": {
    "precision": 0.8732394366197183,
    "recall": 0.779874213836478,
    "f1-score": 0.8239202657807309,
    "support": 159
  },
  "natural": {
    "precision": 0.7432432432432432,
    "recall": 0.8527131782945736,
    "f1-score": 0.7942238267148014,
    "support": 129
  },
  "retro": {
    "precision": 0.832,
    "recall": 0.8188976377952756,
    "f1-score": 0.8253968253968254,
    "support": 127
  },
  "rock": {
    "precision": 0.8454545454545455,
    "recall": 0.768595041322314,
    "f1-score": 0.8051948051948052,
    "support": 121
  },
  "street": {
    "precision": 0.9090909090909091,
    "recall": 0.9090909090909091,
    "f1-score": 0.9090909090909091,
    "support": 154
  },
  "accuracy": 0.8360242179616549,
  "macro avg": {
    "precision": 0.8364085107583478,
    "recall": 0.8395993089520626,
    "f1-score": 0.8358136343215993,
    "support": 1982
  },
  "weighted avg": {
    "precision": 0.8376594205924919,
    "recall": 0.8360242179616549,
    "f1-score": 0.8345371190427263,
    "support": 1982
  }
}