{
  "train_loss": [
    2.202827257345911,
    1.4259493825602696,
    1.11933103969456,
    0.9562259270490556,
    0.855981895988517,
    0.7889545358448609,
    0.7367865407451097,
    0.6891145468641163,
    0.6604744288107626,
    0.6188832669396833,
    0.6092852773799425,
    0.5874382728233252,
    0.5676865644909476,
    0.5648488166874354,
    0.5337599893057257,
    0.5232074274709706,
    0.4983408521547342,
    0.4971328844566254,
    0.481452753565306,
    0.47146405343327447
  ],
  "val_loss": [
    1.4787828229991746,
    1.006767489474669,
    0.7866796352999241,
    0.6889565956189582,
    0.6192270655233852,
    0.576521759256946,
    0.5439188528418781,
    0.5259965728069952,
    0.5099589766898802,
    0.4969427841071765,
    0.4867549734124322,
    0.47702183892835764,
    0.46752888888616856,
    0.45854834730499144,
    0.45894942382739634,
    0.4473489424604716,
    0.44077546043860927,
    0.4449140198150975,
    0.4395229786711507,
    0.4351519255341603
  ],
  "val_macro_f1": [
    0.5888485986893476,
    0.7264496200531173,
    0.7684992506290655,
    0.7841878299702408,
    0.8007365964051071,
    0.8073876380577606,
    0.8099164082740951,
    0.8199882243061279,
    0.8281106248068327,
    0.822344353382341,
    0.8350738245438506,
    0.8297012671110024,
    0.8323889173923228,
    0.839812772710079,
    0.8349034564028953,
    0.842696675087466,
    0.8456132970345368,
    0.8434944604021719,
    0.8429819774094541,
    0.8422114121639032
  ],
  "train_acc": [
    0.29573961937716264,
    0.5246539792387543,
    0.6158088235294118,
    0.677984429065744,
    0.7063148788927336,
    0.7304282006920415,
    0.7491349480968859,
    0.7684904844290658,
    0.7741133217993079,
    0.7884948096885813,
    0.7916306228373703,
    0.8013624567474048,
    0.8051470588235294,
    0.8084991349480969,
    0.815635813148789,
    0.8194204152249135,
    0.8326124567474048,
    0.8264489619377162,
    0.8347750865051903,
    0.8372621107266436
  ],
  "val_acc": [
    0.6195761856710393,
    0.7366296670030272,
    0.7719475277497477,
    0.7865792129162462,
    0.8022199798183652,
    0.8092835519677094,
    0.8123107971745711,
    0.8218970736629667,
    0.829465186680121,
    0.8234106962663976,
    0.8375378405650857,
    0.830978809283552,
    0.8340060544904138,
    0.8410696266397578,
    0.8360242179616549,
    0.8435923309788093,
    0.8466195761856711,
    0.8446014127144299,
    0.8440968718466195,
    0.843087790110999
  ]
}