{
  "train_loss": [
    1.871965974259954,
    0.9463766099930222,
    0.4947857678349043,
    0.25464998341606976,
    0.14960102408247836,
    0.08121631870684327,
    0.08472330776723198,
    0.06676995090392635,
    0.047267591948121475,
    0.052670297080773386,
    0.042098584549443534
  ],
  "val_loss": [
    1.1308000335539385,
    0.8741167898615964,
    0.8952254705003244,
    1.0431978529287214,
    1.0992314062475046,
    1.2596706829280955,
    1.2890232541005378,
    1.4051854108224362,
    1.4793924836049046,
    1.5488624425922586,
    1.5070979799078539
  ],
  "val_macro_f1": [
    0.6126227459855806,
    0.7028086654910582,
    0.7360007631422546,
    0.7343900859597908,
    0.7530616030525389,
    0.7557430023144044,
    0.7375362470351533,
    0.7407443448119532,
    0.750595628165357,
    0.7324632564590896,
    0.7458710898767059
  ],
  "train_acc": [
    0.3812716262975779,
    0.6871756055363322,
    0.845371972318339,
    0.9280925605536332,
    0.9630190311418685,
    0.982590830449827,
    0.9792387543252595,
    0.9855103806228374,
    0.9889705882352942,
    0.9874567474048442,
    0.9912413494809689
  ],
  "val_acc": [
    0.6286579212916246,
    0.7038345105953582,
    0.7336024217961655,
    0.7290615539858728,
    0.7527749747729566,
    0.7542885973763875,
    0.7366296670030272,
    0.7401614530776993,
    0.748234106962664,
    0.7305751765893037,
    0.7436932391523713
  ]
}