{
  "train_loss": [
    2.588872671952297,
    2.241677116357744,
    1.7631631013018862,
    1.37780422307422,
    1.0652436992752923,
    0.8168621904194149,
    0.6438570417670024,
    0.5063343563964623,
    0.40253591529741417,
    0.35896696727787336,
    0.27458390753368195,
    0.28838987527318477,
    0.23751519516007297
  ],
  "val_loss": [
    2.3045011302897955,
    1.8129969961587884,
    1.5242361422143238,
    1.421164303687218,
    1.3319695344726685,
    1.3256266233177647,
    1.49855629141949,
    1.5198557790064307,
    1.8249209538237479,
    1.6586886921636272,
    2.2869734554791186,
    1.6304100216577802,
    1.7314825646210872
  ],
  "val_macro_f1": [
    0.1462560361616054,
    0.39637427988767804,
    0.5100612564656066,
    0.5250069011380838,
    0.5744015819741382,
    0.5867108550502854,
    0.5855624319811599,
    0.614641065380881,
    0.5798716901635536,
    0.6121374715855421,
    0.5684710915644492,
    0.5621450819755468,
    0.6100394141113041
  ],
  "train_acc": [
    0.11710640138408304,
    0.2515138408304498,
    0.4302551903114187,
    0.5567690311418685,
    0.6618728373702422,
    0.751621972318339,
    0.810878027681661,
    0.8527249134948097,
    0.8875432525951558,
    0.8996539792387543,
    0.9273356401384083,
    0.9252811418685121,
    0.9370674740484429
  ],
  "val_acc": [
    0.23107971745711403,
    0.43239152371342077,
    0.515640766902119,
    0.5443995963673057,
    0.5756811301715439,
    0.582744702320888,
    0.5857719475277497,
    0.6115035317860746,
    0.5802219979818365,
    0.615539858728557,
    0.5665993945509586,
    0.5736629667003027,
    0.6014127144298688
  ]
}