{
  "train_loss": [
    2.403443253989038,
    1.6092247777331659,
    1.2418647250708412,
    1.058172775645157,
    0.9472963295644955,
    0.8760047744972483,
    0.8153440180688993,
    0.7720004266005487,
    0.7245502275347091,
    0.6966736298118908,
    0.6862795979532197,
    0.6553876648131745,
    0.6297720748686254,
    0.6095087445344273,
    0.5961548229324982,
    0.585005459191993,
    0.5730326666680381,
    0.5593252616667005,
    0.5566271328492973,
    0.5325266763722608
  ],
  "val_loss": [
    1.863718904712727,
    1.1667194924609572,
    0.9173978638095645,
    0.7900238494218659,
    0.7091311917656246,
    0.6587603775752421,
    0.6217235318346533,
    0.5983917546260249,
    0.5784293743062813,
    0.5579651838204214,
    0.5470052642971428,
    0.536030084030058,
    0.5247809795660882,
    0.5205027761180273,
    0.5078356954843317,
    0.5041796015772882,
    0.5022245857312028,
    0.49661115596802036,
    0.49545901140910464,
    0.4881451795653907
  ],
  "val_macro_f1": [
    0.5767781084251377,
    0.7155078059761539,
    0.7601351839860225,
    0.7689394571106372,
    0.7884042855269796,
    0.7956964671528158,
    0.8047095490674911,
    0.8065584116866242,
    0.8099451826890541,
    0.813699970806233,
    0.8128305067968327,
    0.8178090037068438,
    0.8203109515829938,
    0.8205579766609993,
    0.8193819261075727,
    0.8230153387683175,
    0.8237710229856553,
    0.8257514949875148,
    0.8267395058195998,
    0.828050815210502
  ],
  "train_acc": [
    0.2666522491349481,
    0.5075692041522492,
    0.590181660899654,
    0.6551686851211073,
    0.6805795847750865,
    0.7064230103806228,
    0.7298875432525952,
    0.735726643598616,
    0.7564878892733564,
    0.7658953287197232,
    0.7691392733564014,
    0.7804930795847751,
    0.7869809688581315,
    0.7990916955017301,
    0.7990916955017301,
    0.8007136678200693,
    0.8075259515570934,
    0.8155276816608996,
    0.8107698961937716,
    0.8233131487889274
  ],
  "val_acc": [
    0.6074672048435923,
    0.7255297679112008,
    0.7628657921291625,
    0.7714429868819375,
    0.7885973763874874,
    0.7961654894046418,
    0.805247225025227,
    0.8062563067608476,
    0.8092835519677094,
    0.8133198789101918,
    0.8123107971745711,
    0.8163471241170535,
    0.8193743693239153,
    0.8198789101917255,
    0.8188698284561049,
    0.8218970736629667,
    0.8234106962663976,
    0.8249243188698284,
    0.8264379414732593,
    0.82744702320888
  ]
}