{
  "train_loss": [
    2.4068548869096698,
    1.6057075524000148,
    1.2378139212779107,
    1.0376103650842983,
    0.9355321903439129,
    0.8543922779984953,
    0.7961270289179776,
    0.751797007390372,
    0.7200736569363146,
    0.6849070411291502,
    0.6576025490246223,
    0.6392168542918037,
    0.6227897841960295,
    0.6082478944070405,
    0.5869092766105304,
    0.5774317843304579,
    0.5597990045781572,
    0.5472700330058183,
    0.5505101128278307,
    0.526747352910908
  ],
  "val_loss": [
    1.869005867138159,
    1.1774990879803686,
    0.9311466140054189,
    0.8064828789919826,
    0.7227773806221189,
    0.6752145270827319,
    0.6323706912164371,
    0.6080772250319345,
    0.5883523733566556,
    0.57077807560939,
    0.5589262792007954,
    0.5514465442790032,
    0.5393263209990848,
    0.5292872757501487,
    0.5206406219335185,
    0.5159496747851974,
    0.5109015565617414,
    0.5059500992162798,
    0.5008845313646719,
    0.497557224158863
  ],
  "val_macro_f1": [
    0.5357250439154616,
    0.7025915036100479,
    0.7493010838754699,
    0.7527429571970264,
    0.7754387260553945,
    0.7809018905215507,
    0.7928635088076763,
    0.7934965562894111,
    0.8026084971136953,
    0.8043771741998714,
    0.8094912914089271,
    0.8080140552144692,
    0.8116858357443851,
    0.8178721231690309,
    0.8248780144566147,
    0.8196119565123977,
    0.8239192490252442,
    0.8219551085553007,
    0.8294305692443826,
    0.829904536795409
  ],
  "train_acc": [
    0.26913927335640137,
    0.5100562283737025,
    0.5927768166089965,
    0.6583044982698962,
    0.6905276816608996,
    0.7169117647058824,
    0.7348615916955017,
    0.746431660899654,
    0.7577854671280276,
    0.7692474048442907,
    0.7751946366782007,
    0.785575259515571,
    0.7887110726643599,
    0.799848615916955,
    0.7990916955017301,
    0.8027681660899654,
    0.8088235294117647,
    0.8129325259515571,
    0.8134731833910035,
    0.8216911764705882
  ],
  "val_acc": [
    0.5731584258324924,
    0.7088799192734612,
    0.7522704339051464,
    0.7558022199798183,
    0.777497477295661,
    0.7840565085771948,
    0.7946518668012109,
    0.7936427850655903,
    0.8027245206861756,
    0.8057517658930373,
    0.8102926337033299,
    0.8082744702320888,
    0.8123107971745711,
    0.8183652875882946,
    0.8249243188698284,
    0.8203834510595358,
    0.8244197780020182,
    0.822401614530777,
    0.829465186680121,
    0.8304742684157417
  ]
}