{
  "train_loss": [
    1.8944499987631933,
    0.9784984081261711,
    0.5010604146468391,
    0.2790042106900042,
    0.1450394711950246,
    0.0931460862934177,
    0.08673592930124706,
    0.06763053703473101,
    0.0529183824143814,
    0.04873016220114635,
    0.0402867603905267,
    0.04463287941776345,
    0.0330451617603896,
    0.022821376944495732,
    0.05044736071235168,
    0.03952370623970939,
    0.029483414219634345,
    0.030526559078054034,
    0.021759122700324107,
    0.033767883211477404
  ],
  "val_loss": [
    1.158386923350191,
    0.8108182921178646,
    0.8137352120743991,
    0.948898572132638,
    1.0477794587431715,
    1.194179023611317,
    1.228319061752766,
    1.2736653215228368,
    1.321773778297586,
    1.2804792148674773,
    1.4702281082795199,
    1.4923051701544754,
    1.4376632334245323,
    1.5723145299193597,
    1.4690534516973524,
    1.4681103014200174,
    1.5595824136262464,
    1.4062518654268998,
    1.5163018132074089,
    1.3838830359889087
  ],
  "val_macro_f1": [
    0.6214067538402951,
    0.7314133585491677,
    0.7418427102427447,
    0.7590634942769253,
    0.7574697711947855,
    0.7599989462982928,
    0.7319552682161944,
    0.7616404134421427,
    0.7614750528687251,
    0.7590346480953174,
    0.7402827491846428,
    0.7373186913842182,
    0.7681160508435448,
    0.7590660208369903,
    0.753766799178127,
    0.7506206394355373,
    0.7568248036438349,
    0.776474284962586,
    0.7602057915481424,
    0.7738203522406619
  ],
  "train_acc": [
    0.3680795847750865,
    0.6694420415224913,
    0.8433174740484429,
    0.9213884083044983,
    0.9646410034602076,
    0.9772923875432526,
    0.9796712802768166,
    0.983780276816609,
    0.9876730103806228,
    0.9882136678200693,
    0.990484429065744,
    0.9897275086505191,
    0.9925389273356401,
    0.9951340830449827,
    0.9875648788927336,
    0.9914576124567474,
    0.9928633217993079,
    0.992106401384083,
    0.9955666089965398,
    0.9929714532871973
  ],
  "val_acc": [
    0.6281533804238143,
    0.7305751765893037,
    0.7381432896064581,
    0.756811301715439,
    0.7578203834510595,
    0.7578203834510595,
    0.7285570131180625,
    0.7598385469223007,
    0.7618567103935419,
    0.7563067608476287,
    0.736125126135217,
    0.7406659939455096,
    0.7658930373360242,
    0.7563067608476287,
    0.7527749747729566,
    0.7472250252270434,
    0.7552976791120081,
    0.7729566094853683,
    0.7608476286579213,
    0.7694248234106963
  ]
}