{
  "train_loss": [
    2.4036282470069543,
    1.6226787831131562,
    1.2393457501817327,
    1.0519715653777535,
    0.9498580845014859,
    0.8799599682119479,
    0.8149677445422406,
    0.7679669184152643,
    0.7298864801527101,
    0.6991748903913482,
    0.6784138842179701,
    0.6552370867360009,
    0.6343972313259713,
    0.6144446662295235,
    0.596982486752284,
    0.580706677067651,
    0.5741026398683914,
    0.5647557909281402,
    0.5476448582195287,
    0.5399655768048393
  ],
  "val_loss": [
    1.865896585009293,
    1.157216577188278,
    0.8970240833901252,
    0.7601708173150371,
    0.684988005911907,
    0.6344910395133387,
    0.5945841080004464,
    0.5679646395409985,
    0.545331853249239,
    0.5239804714286604,
    0.5137507177505917,
    0.507598946421707,
    0.49770459950752144,
    0.4843254613828226,
    0.47801385331226043,
    0.4711759234773884,
    0.4656886126992681,
    0.46326627975515833,
    0.45724916127327114,
    0.4519934636192052
  ],
  "val_macro_f1": [
    0.5250735571391114,
    0.7126695704194221,
    0.7652956786683599,
    0.7834735388233801,
    0.7951286624886044,
    0.7982966764007786,
    0.8079820733861238,
    0.8156771303002833,
    0.8220514739906204,
    0.8192429019229712,
    0.8223593275204907,
    0.8266294866098519,
    0.8247996508458729,
    0.8356008652379213,
    0.8318699647861011,
    0.8364659324780809,
    0.8323274178376457,
    0.8369721878074323,
    0.8393515105490292,
    0.8412517609576635
  ],
  "train_acc": [
    0.2723832179930796,
    0.4975129757785467,
    0.5958044982698962,
    0.6568987889273357,
    0.6782006920415224,
    0.7068555363321799,
    0.7245891003460208,
    0.742106401384083,
    0.748378027681661,
    0.7661115916955017,
    0.7710856401384083,
    0.7793036332179931,
    0.7822231833910035,
    0.7892517301038062,
    0.7937932525951558,
    0.8021193771626297,
    0.8080666089965398,
    0.8092560553633218,
    0.8153114186851211,
    0.816825259515571
  ],
  "val_acc": [
    0.565590312815338,
    0.7214934409687185,
    0.768920282542886,
    0.7855701311806257,
    0.7976791120080726,
    0.8007063572149344,
    0.8097880928355197,
    0.8173562058526741,
    0.8234106962663976,
    0.8198789101917255,
    0.8239152371342079,
    0.8279515640766902,
    0.8259334006054491,
    0.8365287588294652,
    0.8335015136226034,
    0.8380423814328961,
    0.8329969727547931,
    0.8380423814328961,
    0.8400605449041373,
    0.8415741675075681
  ]
}