{
  "train_loss": [
    2.6148918838236983,
    2.3854824844941134,
    2.0701122501523437,
    1.7130114307246818,
    1.3677472115387965,
    1.0945005039700588,
    0.8554101968925304,
    0.6917248225825674,
    0.5863212079170665,
    0.48322029462064836,
    0.37240280658264474,
    0.3303792875221444,
    0.30565279815023744,
    0.265065954089371,
    0.2522851932394257,
    0.23631389716246962
  ],
  "val_loss": [
    2.4889932241738144,
    2.1288110328129632,
    1.7659817878701973,
    1.5057995639944413,
    1.400827903920779,
    1.4243685859664297,
    1.6177349088170334,
    1.600600235697961,
    1.5633288207797542,
    1.8406905002598806,
    1.844154778901792,
    1.8395819186442555,
    2.025037715882514,
    2.4250790314705655,
    2.313459568379746,
    2.233586470155735
  ],
  "val_macro_f1": [
    0.09480914213732428,
    0.22960546445127925,
    0.4002957621686301,
    0.4869609605218302,
    0.5437123171540746,
    0.5590932858190413,
    0.5402946718717819,
    0.5414148989890656,
    0.542719583461906,
    0.5543435461314009,
    0.5694312468231584,
    0.5461458278006291,
    0.5628945998222833,
    0.5406826031900286,
    0.5225104200253402,
    0.5490439803342081
  ],
  "train_acc": [
    0.10326557093425605,
    0.19615051903114186,
    0.31228373702422146,
    0.4344723183391003,
    0.5483347750865052,
    0.6513840830449827,
    0.7322664359861591,
    0.7841695501730104,
    0.827530276816609,
    0.8620242214532872,
    0.8932742214532872,
    0.9090614186851211,
    0.9183607266435986,
    0.9311202422145328,
    0.9324178200692042,
    0.936310553633218
  ],
  "val_acc": [
    0.17255297679112008,
    0.2875882946518668,
    0.4091826437941473,
    0.507063572149344,
    0.5408678102926338,
    0.5731584258324924,
    0.5322906155398587,
    0.541372351160444,
    0.541372351160444,
    0.5575176589303733,
    0.5701311806256307,
    0.5388496468213926,
    0.5610494450050454,
    0.5459132189707366,
    0.5272452068617558,
    0.5428859737638748
  ]
}