{
  "conservative": {
    "precision": 0.7142857142857143,
    "recall": 0.7608695652173914,
    "f1-score": 0.7368421052631581,
    "support": 138
  },
  "dressy": {
    "precision": 0.9496402877697842,
    "recall": 0.9850746268656716,
    "f1-score": 0.9670329670329669,
    "support": 134
  },
  "ethnic": {
    "precision": 0.8333333333333334,
    "recall": 0.8914728682170543,
    "f1-score": 0.8614232209737829,
    "support": 129
  },
  "fairy": {
    "precision": 0.9006622516556292,
    "recall": 0.951048951048951,
    "f1-score": 0.925170068027211,
    "support": 143
  },
  "feminine": {
    "precision": 0.7936507936507936,
    "recall": 0.8264462809917356,
    "f1-score": 0.8097165991902834,
    "support": 121
  },
  "gal": {
    "precision": 0.8613138686131386,
    "recall": 0.8251748251748252,
    "f1-score": 0.842857142857143,
    "support": 143
  },
  "girlish": {
    "precision": 0.7669172932330827,
    "recall": 0.6144578313253012,
    "f1-score": 0.6822742474916388,
    "support": 166
  },
  "kireime-casual": {
    "precision": 0.6538461538461539,
    "recall": 0.7531645569620253,
    "f1-score": 0.7000000000000001,
    "support": 158
  },
  "lolita": {
    "precision": 0.9673202614379085,
    "recall": 0.925,
    "f1-score": 0.9456869009584665,
    "support": 160
  },
  "mode": {
    "precision": 0.8152866242038217,
    "recall": 0.8050314465408805,
    "f1-score": 0.8101265822784811,
    "support": 159
  },
  "natural": {
    "precision": 0.8412698412698413,
    "recall": 0.8217054263565892,
    "f1-score": 0.8313725490196078,
    "support": 129
  },
  "retro": {
    "precision": 0.8869565217391304,
    "recall": 0.8031496062992126,
    "f1-score": 0.8429752066115702,
    "support": 127
  },
  "rock": {
    "precision": 0.7835820895522388,
    "recall": 0.860655737704918,
    "f1-score": 0.8203124999999999,
    "support": 122
  },
  "street": {
    "precision": 0.9166666666666666,
    "recall": 0.8627450980392157,
    "f1-score": 0.888888888888889,
    "support": 153
  },
  "accuracy": 0.8314833501513622,
  "macro avg": {
    "precision": 0.8346236929469455,
    "recall": 0.834714058624555,
    "f1-score": 0.8331913556138,
    "support": 1982
  },
  "weighted avg": {
    "precision": 0.8341824617233444,
    "recall": 0.8314833501513622,
    "f1-score": 0.8312585338825844,
    "support": 1982
  }
}