{
  "train_loss": [
    2.2085328411994096,
    1.3963762101327362,
    1.1039625993320739,
    0.9395942066564099,
    0.8326499559562073,
    0.7660816824015321,
    0.7161566648031279,
    0.676040856940285,
    0.6409626457546951,
    0.6130402881807606,
    0.5939209474980586,
    0.5754126028799667,
    0.561420191232853,
    0.5398305365884238,
    0.5232350711007224,
    0.5101408245882654,
    0.4834017153550584,
    0.4816946077346238,
    0.4709208064863856,
    0.45795564383322634
  ],
  "val_loss": [
    1.4835676754759972,
    1.014466198133051,
    0.8022793477737579,
    0.7085872808570939,
    0.6552456287868268,
    0.606575282984136,
    0.5766164647184094,
    0.5555632526898902,
    0.5419274859363448,
    0.5286147451266932,
    0.5179228391893035,
    0.521617980657933,
    0.508346672633176,
    0.5007494836293845,
    0.5040096546091913,
    0.4929505787300196,
    0.4872330695425473,
    0.4847950476412516,
    0.4811372810187181,
    0.4761149065684636
  ],
  "val_macro_f1": [
    0.6126957404723443,
    0.7374083654841366,
    0.7676780723129537,
    0.7703335322666185,
    0.7837927856501201,
    0.8041870002921784,
    0.798276742781867,
    0.8073928117836238,
    0.8096045061372242,
    0.8107444543600453,
    0.8201221631830855,
    0.8137661521525835,
    0.8171030748151892,
    0.8222306408344207,
    0.8179577334308367,
    0.8173201031126435,
    0.8256164308361418,
    0.8292436342887443,
    0.8313780323915863,
    0.8312088541855006
  ],
  "train_acc": [
    0.30103806228373703,
    0.5389273356401384,
    0.6241349480968859,
    0.6810121107266436,
    0.717560553633218,
    0.7412413494809689,
    0.7603806228373703,
    0.772166955017301,
    0.7853589965397924,
    0.7923875432525952,
    0.8007136678200693,
    0.8090397923875432,
    0.8062283737024222,
    0.8153114186851211,
    0.8207179930795848,
    0.826773356401384,
    0.8352076124567474,
    0.8392084775086506,
    0.8393166089965398,
    0.8472102076124568
  ],
  "val_acc": [
    0.6352169525731585,
    0.7391523713420787,
    0.7684157416750756,
    0.772452068617558,
    0.784561049445005,
    0.8042381432896064,
    0.8002018163471241,
    0.8092835519677094,
    0.8092835519677094,
    0.8118062563067608,
    0.8203834510595358,
    0.8148335015136225,
    0.8173562058526741,
    0.822401614530777,
    0.8178607467204844,
    0.8183652875882946,
    0.8254288597376388,
    0.829465186680121,
    0.830978809283552,
    0.8314833501513622
  ]
}