{
  "conservative": {
    "precision": 0.7575757575757576,
    "recall": 0.7299270072992701,
    "f1-score": 0.7434944237918216,
    "support": 137
  },
  "dressy": {
    "precision": 0.9924812030075187,
    "recall": 0.9777777777777777,
    "f1-score": 0.9850746268656717,
    "support": 135
  },
  "ethnic": {
    "precision": 0.8650793650793651,
    "recall": 0.8449612403100775,
    "f1-score": 0.8549019607843137,
    "support": 129
  },
  "fairy": {
    "precision": 0.9440559440559441,
    "recall": 0.9440559440559441,
    "f1-score": 0.9440559440559441,
    "support": 143
  },
  "feminine": {
    "precision": 0.8392857142857143,
    "recall": 0.7768595041322314,
    "f1-score": 0.8068669527896996,
    "support": 121
  },
  "gal": {
    "precision": 0.8602941176470589,
    "recall": 0.8181818181818182,
    "f1-score": 0.8387096774193549,
    "support": 143
  },
  "girlish": {
    "precision": 0.6785714285714286,
    "recall": 0.8012048192771084,
    "f1-score": 0.7348066298342542,
    "support": 166
  },
  "kireime-casual": {
    "precision": 0.6829268292682927,
    "recall": 0.7088607594936709,
    "f1-score": 0.6956521739130436,
    "support": 158
  },
  "lolita": {
    "precision": 0.993421052631579,
    "recall": 0.949685534591195,
    "f1-score": 0.9710610932475885,
    "support": 159
  },
  "mode": {
    "precision": 0.8553459119496856,
    "recall": 0.8553459119496856,
    "f1-score": 0.8553459119496856,
    "support": 159
  },
  "natural": {
    "precision": 0.8346456692913385,
    "recall": 0.8217054263565892,
    "f1-score": 0.8281249999999999,
    "support": 129
  },
  "retro": {
    "precision": 0.8571428571428571,
    "recall": 0.8031496062992126,
    "f1-score": 0.8292682926829269,
    "support": 127
  },
  "rock": {
    "precision": 0.8473282442748091,
    "recall": 0.9098360655737705,
    "f1-score": 0.8774703557312252,
    "support": 122
  },
  "street": {
    "precision": 0.9210526315789473,
    "recall": 0.9090909090909091,
    "f1-score": 0.915032679738562,
    "support": 154
  },
  "accuracy": 0.8466195761856711,
  "macro avg": {
    "precision": 0.8520861947400212,
    "recall": 0.8464744517420899,
    "f1-score": 0.8485618373431494,
    "support": 1982
  },
  "weighted avg": {
    "precision": 0.8502449739340623,
    "recall": 0.8466195761856711,
    "f1-score": 0.847675994395982,
    "support": 1982
  }
}