{
  "train_loss": [
    2.1133491846130177,
    1.3453613231087485,
    1.069142379768992,
    0.913165249325219,
    0.8178624289012014,
    0.7325413588379674,
    0.6852392863042558,
    0.6467518971227496,
    0.5927123895277927,
    0.5664643828932234,
    0.5402956427668929,
    0.50769006835418,
    0.4752126500673836,
    0.4610457421443284,
    0.4297932261714522,
    0.40796091392330963,
    0.38845794028411956,
    0.3734823616622411,
    0.3580056624298944,
    0.342945543490607
  ],
  "val_loss": [
    1.3232478893368564,
    0.9370537968023513,
    0.8455169608686814,
    0.6884743801038994,
    0.6627636791388274,
    0.6117043942870904,
    0.572768042791601,
    0.5626980660527411,
    0.5598817896939002,
    0.5391743988497417,
    0.5527827369735702,
    0.5404656557762134,
    0.5196758107926911,
    0.5122116711026496,
    0.5256807614528662,
    0.5067659168713926,
    0.5180590213256182,
    0.5479142688995736,
    0.5411868347728893,
    0.542671335646112
  ],
  "val_macro_f1": [
    0.52413482518893,
    0.6813896097631991,
    0.6859582909407501,
    0.7654054685020555,
    0.7650038328727183,
    0.7831805253557643,
    0.7925395430707686,
    0.8098234483409976,
    0.8013229894748065,
    0.8145525429277646,
    0.8069822368299915,
    0.8184991080259548,
    0.8287484858156894,
    0.831031225261052,
    0.8257502991682129,
    0.8410592785383809,
    0.8269693507678421,
    0.8249349171561391,
    0.8280018215590301,
    0.827525036845846
  ],
  "train_acc": [
    0.27616782006920415,
    0.5112456747404844,
    0.6128892733564014,
    0.6783088235294118,
    0.7170198961937716,
    0.7509731833910035,
    0.7613538062283737,
    0.7791955017301038,
    0.8021193771626297,
    0.8110942906574394,
    0.8179065743944637,
    0.8313148788927336,
    0.8400735294117647,
    0.84969723183391,
    0.8618079584775087,
    0.865484429065744,
    0.8731617647058824,
    0.8746756055363322,
    0.882893598615917,
    0.8847318339100346
  ],
  "val_acc": [
    0.5600403632694249,
    0.6967709384460141,
    0.693239152371342,
    0.7653884964682139,
    0.7669021190716448,
    0.7840565085771948,
    0.7961654894046418,
    0.8102926337033299,
    0.8042381432896064,
    0.8173562058526741,
    0.8082744702320888,
    0.8198789101917255,
    0.829465186680121,
    0.8319878910191726,
    0.8269424823410696,
    0.8395560040363269,
    0.82744702320888,
    0.8254288597376388,
    0.829465186680121,
    0.829465186680121
  ]
}