{
  "train_loss": [
    2.634764595633972,
    2.5937110684734725,
    2.508951875783993,
    2.403256197907933,
    2.3201944233018224,
    2.2724004321857305,
    2.2351040215228255,
    2.2077635294632105,
    2.180719152763228,
    2.1673004830378564,
    2.145998599207525,
    2.1240445199103504,
    2.1190535367360166,
    2.1084826948527233,
    2.0865649618079507,
    2.0768066064090465,
    2.0671327644153448,
    2.0559206837498194,
    2.0379401792910685,
    2.0395912175360023
  ],
  "val_loss": [
    2.6123724176231717,
    2.5237530300282804,
    2.3769873177367673,
    2.250245568850928,
    2.1643465564902926,
    2.1181062207332655,
    2.084443347485347,
    2.054761364168885,
    2.036339742985792,
    2.008838775179581,
    1.9934141662358997,
    1.9854469681844702,
    1.9719557759740158,
    1.964927078496315,
    1.9342276491863817,
    1.9277230282243638,
    1.9168356854306943,
    1.900581623302579,
    1.895264325541276,
    1.8711063586378434
  ],
  "val_macro_f1": [
    0.04680108783991089,
    0.1410474159664447,
    0.14945815019932243,
    0.1942390617801922,
    0.21639870763439137,
    0.23723176293632706,
    0.23677835521374885,
    0.25942617330339557,
    0.2478003130771967,
    0.28161724493505347,
    0.29652191422407553,
    0.2836813151343345,
    0.2833618319128328,
    0.29117337643924657,
    0.30824818269364346,
    0.30679791877127116,
    0.3188688405593023,
    0.3259308301951466,
    0.32451646088769787,
    0.3330284413122026
  ],
  "train_acc": [
    0.0852076124567474,
    0.12716262975778547,
    0.16825259515570934,
    0.1952854671280277,
    0.21442474048442905,
    0.2277249134948097,
    0.23810553633217993,
    0.24848615916955016,
    0.2540008650519031,
    0.25659602076124566,
    0.26438148788927335,
    0.2789792387543253,
    0.27141003460207613,
    0.2799524221453287,
    0.29573961937716264,
    0.2955233564013841,
    0.3044982698961938,
    0.305363321799308,
    0.3170415224913495,
    0.3145544982698962
  ],
  "val_acc": [
    0.1357214934409687,
    0.21644803229061554,
    0.22300706357214933,
    0.260343087790111,
    0.2840565085771948,
    0.2956609485368315,
    0.29717457114026236,
    0.31533804238143287,
    0.3067608476286579,
    0.3284561049445005,
    0.33703329969727547,
    0.3365287588294652,
    0.33350151362260344,
    0.34157416750756814,
    0.3511604439959637,
    0.3491422805247225,
    0.35923309788092833,
    0.3627648839556004,
    0.3627648839556004,
    0.36680121089808276
  ]
}