{
  "train_loss": [
    2.635059067328496,
    2.5994368179034195,
    2.5078853558504046,
    2.4061764808674586,
    2.3263486626857706,
    2.267955826846786,
    2.2377183096012856,
    2.2136088754066545,
    2.1813301650298094,
    2.163550267273167,
    2.1473835296284367,
    2.132273595535219,
    2.1154490319502806,
    2.108337382441161,
    2.093328086150146,
    2.085818742952957,
    2.0660543698546796,
    2.0677986331155145,
    2.0524008562820595,
    2.036743856940715
  ],
  "val_loss": [
    2.613243772090985,
    2.52781427616308,
    2.3794604584379226,
    2.2533891853001475,
    2.1674339339422772,
    2.116257748497964,
    2.084658618651774,
    2.0570626626943365,
    2.033087169245923,
    2.012628136802273,
    2.0027865663426434,
    1.9949733720176996,
    1.9621195061777001,
    1.9653747809522688,
    1.9418350840673437,
    1.9275486055464606,
    1.9120235741439189,
    1.9188508009453473,
    1.8982781091203123,
    1.8782049923924697
  ],
  "val_macro_f1": [
    0.09417494481607618,
    0.1606620266538215,
    0.1340352154738102,
    0.1838110064562301,
    0.213644098474439,
    0.24365931251688663,
    0.2466504963930535,
    0.25576321348445086,
    0.260000616653367,
    0.27844186681650135,
    0.2688808421731624,
    0.2844451118671186,
    0.2959641184572867,
    0.2896393502063028,
    0.2961702008243332,
    0.3036530375326762,
    0.32822656890001084,
    0.31527841693017084,
    0.3236891568373293,
    0.3331788060713217
  ],
  "train_acc": [
    0.08445069204152249,
    0.12391868512110726,
    0.16890138408304498,
    0.19712370242214533,
    0.21269463667820068,
    0.2301038062283737,
    0.2426470588235294,
    0.24448529411764705,
    0.25519031141868515,
    0.2670847750865052,
    0.2634083044982699,
    0.27076124567474047,
    0.27692474048442905,
    0.2811418685121107,
    0.2877378892733564,
    0.29487456747404844,
    0.3002811418685121,
    0.296280276816609,
    0.3094723183391003,
    0.31347318339100344
  ],
  "val_acc": [
    0.15136226034308778,
    0.22956609485368315,
    0.21745711402623613,
    0.2547931382441978,
    0.2860746720484359,
    0.29717457114026236,
    0.3077699293642785,
    0.30524722502522705,
    0.3143289606458123,
    0.3249243188698285,
    0.3113017154389506,
    0.3350151362260343,
    0.3420787083753784,
    0.3360242179616549,
    0.3425832492431887,
    0.34359233097880926,
    0.363773965691221,
    0.3577194752774975,
    0.3612512613521695,
    0.36427850655903127
  ]
}