{
  "train_loss": [
    2.6341115619897018,
    2.6017026336135336,
    2.5102211463822623,
    2.4030134100402516,
    2.32934151244411,
    2.273084760640319,
    2.2449357021844922,
    2.208903359655278,
    2.17801014640752,
    2.167908405453276,
    2.1465049445835365,
    2.1373414715887353,
    2.117625644153377,
    2.100950018447988,
    2.090432133229134,
    2.075817397515254,
    2.0772455035093333,
    2.053505053415018,
    2.0419228725573597,
    2.0380733919597414
  ],
  "val_loss": [
    2.6118844120822446,
    2.5345278192841563,
    2.386307976200169,
    2.2588197672523473,
    2.2026657723754974,
    2.140824337178836,
    2.114447579494519,
    2.088336272388847,
    2.0548254157652406,
    2.0455975492835408,
    2.0373091475152827,
    2.016045448878699,
    1.996452148819547,
    1.9804416177972897,
    1.974456786989083,
    1.9666844877056349,
    1.9450770391585488,
    1.935928977462045,
    1.920975054429109,
    1.913884943717664
  ],
  "val_macro_f1": [
    0.09743672507314215,
    0.1600239321728208,
    0.1572838595974419,
    0.19313509192058845,
    0.20710775752121288,
    0.22299657587062272,
    0.22977221916683657,
    0.2482998769202154,
    0.25470083382682895,
    0.24979883965265295,
    0.264167745189875,
    0.2712639637979363,
    0.27238499664502985,
    0.3014460618427652,
    0.27903875403661915,
    0.29546381329804067,
    0.3066443745644012,
    0.3020908293113818,
    0.3089749698675823,
    0.30909284562802225
  ],
  "train_acc": [
    0.08369377162629758,
    0.12056660899653979,
    0.1695501730103806,
    0.19550173010380623,
    0.21107266435986158,
    0.2272923875432526,
    0.2377811418685121,
    0.24686418685121106,
    0.2554065743944637,
    0.2588667820069204,
    0.2649221453287197,
    0.27249134948096887,
    0.2734645328719723,
    0.2853589965397924,
    0.2942257785467128,
    0.2960640138408305,
    0.2970371972318339,
    0.29563148788927335,
    0.31228373702422146,
    0.3052551903114187
  ],
  "val_acc": [
    0.1503531786074672,
    0.22906155398587286,
    0.22704339051463168,
    0.25025227043390513,
    0.2674066599394551,
    0.2795156407669021,
    0.2865792129162462,
    0.29969727547931385,
    0.29868819374369326,
    0.2966700302724521,
    0.30978809283551967,
    0.31180625630676084,
    0.31987891019172554,
    0.3375378405650858,
    0.32593340060544906,
    0.3385469223007064,
    0.34510595358224017,
    0.34611503531786075,
    0.35166498486377396,
    0.35519677093844604
  ]
}