{
  "train_loss": [
    2.6346790320320523,
    2.5967171926399417,
    2.5029291050656854,
    2.3971071032916798,
    2.3227714061943305,
    2.2718202110805312,
    2.234789602278013,
    2.2063007927064664,
    2.1819970341702235,
    2.1644704600725206,
    2.1463378220280975,
    2.1259162306373094,
    2.109257505529892,
    2.099121959254816,
    2.088733544502291,
    2.084579988746907,
    2.064256110715206,
    2.052969256744665,
    2.0514947856586283,
    2.040445155957166
  ],
  "val_loss": [
    2.611687258682867,
    2.5237338119510686,
    2.3848130440736033,
    2.2554525766074356,
    2.191247857062054,
    2.1466783972007835,
    2.112530725635024,
    2.0834647952367513,
    2.0587067804952444,
    2.0516698593809433,
    2.025216820742841,
    2.01440053715114,
    1.9891862704462768,
    1.9807390029928398,
    1.9633212722274056,
    1.9585274566194244,
    1.9399900095975242,
    1.9338234084405523,
    1.9257745805349649,
    1.9140246469004965
  ],
  "val_macro_f1": [
    0.09102550947492465,
    0.16235118120210892,
    0.14580589747824466,
    0.18171053045604343,
    0.21419434620638317,
    0.21239434880066574,
    0.24118184281717253,
    0.2406104634575589,
    0.2581992554901479,
    0.26268001479808084,
    0.26875886861233667,
    0.2774558657415476,
    0.265113729498246,
    0.286853302577842,
    0.2866893534164164,
    0.2916066886033386,
    0.30402584985829434,
    0.30290363514978896,
    0.3197547536897269,
    0.3142126625760882
  ],
  "train_acc": [
    0.08747837370242215,
    0.12099913494809689,
    0.16663062283737023,
    0.19431228373702422,
    0.2179930795847751,
    0.22631920415224913,
    0.24199826989619377,
    0.23929498269896193,
    0.2507569204152249,
    0.2600562283737024,
    0.26373269896193774,
    0.2767084775086505,
    0.2790873702422145,
    0.2869809688581315,
    0.286007785467128,
    0.2934688581314879,
    0.299848615916955,
    0.3039576124567474,
    0.29660467128027684,
    0.31282439446366783
  ],
  "val_acc": [
    0.12462159434914229,
    0.22351160443995963,
    0.2209889001009082,
    0.25176589303733604,
    0.2734611503531786,
    0.27194752774974773,
    0.29112008072653883,
    0.29364278506559033,
    0.30373360242179614,
    0.31029263370333,
    0.3168516649848638,
    0.3203834510595358,
    0.31987891019172554,
    0.33198789101917253,
    0.334510595358224,
    0.34006054490413723,
    0.3476286579212916,
    0.3481331987891019,
    0.3622603430877901,
    0.35872855701311807
  ]
}