{
  "train_loss": [
    1.900265962194819,
    0.9950704506008683,
    0.5194075602303326,
    0.2864919881043137,
    0.1519691798848883,
    0.09069133442939359,
    0.07722015941844267,
    0.05970472364225602,
    0.059277211183804544,
    0.04461386025106618
  ],
  "val_loss": [
    1.206476051920478,
    0.8617145641059375,
    0.804753112865144,
    0.8929730936448822,
    1.0366006137504347,
    1.1905603776305282,
    1.2571603986617896,
    1.3450411180434627,
    1.3993365929417847,
    1.3954582322618194
  ],
  "val_macro_f1": [
    0.5905458338414039,
    0.7009592352590126,
    0.7581426322509143,
    0.763343717262783,
    0.7722606735209957,
    0.7608795850096797,
    0.7585857021072736,
    0.7351112704992129,
    0.7552132862282775,
    0.7620563709761983
  ],
  "train_acc": [
    0.36667387543252594,
    0.6638192041522492,
    0.8412629757785467,
    0.9186851211072664,
    0.9595588235294118,
    0.9781574394463668,
    0.9807525951557093,
    0.9878892733564014,
    0.9869160899653979,
    0.9900519031141869
  ],
  "val_acc": [
    0.606962663975782,
    0.7108980827447023,
    0.7578203834510595,
    0.7633703329969728,
    0.7704339051463168,
    0.7583249243188698,
    0.7552976791120081,
    0.7371342078708375,
    0.7502522704339052,
    0.7588294651866802
  ]
}