{
  "train_loss": [
    2.6320315760312196,
    2.405168113411504,
    2.074667991857628,
    1.6377365030219397,
    1.2807869827922653,
    1.004963275767012,
    0.8185877705244251,
    0.625837492940232,
    0.5137693721117857,
    0.41396737302360237,
    0.35916012388921525,
    0.3269239708807023,
    0.27640010147100913,
    0.23143277051745814,
    0.21686479498255212,
    0.1878140045259032
  ],
  "val_loss": [
    2.527964079295831,
    2.1191535893410416,
    1.7313333426185862,
    1.4558306055521268,
    1.349288920942397,
    1.3997364704592077,
    1.456193215791681,
    1.7445052305215785,
    1.5791192273679824,
    1.7808270522371672,
    1.7202051070215243,
    1.8878888560592466,
    2.041979652300372,
    1.919312360669241,
    1.9869472137854391,
    2.100192364181207
  ],
  "val_macro_f1": [
    0.05517094401382073,
    0.21870662036993269,
    0.39511253343360814,
    0.48645802643489283,
    0.5558006449238941,
    0.5729426522431649,
    0.5564658595493984,
    0.5464895654058238,
    0.5671709228881753,
    0.5586390256477414,
    0.5863983292587361,
    0.5794926019672725,
    0.5535974296324134,
    0.5538145405431144,
    0.5732982476683921,
    0.5618497513058035
  ],
  "train_acc": [
    0.09612889273356401,
    0.18339100346020762,
    0.30287629757785467,
    0.453719723183391,
    0.581098615916955,
    0.6744160899653979,
    0.7391868512110726,
    0.8091479238754326,
    0.8451557093425606,
    0.8786764705882353,
    0.8990051903114187,
    0.9112240484429066,
    0.9257136678200693,
    0.9392301038062284,
    0.9416089965397924,
    0.9508001730103807
  ],
  "val_acc": [
    0.16801210898082744,
    0.28254288597376387,
    0.43239152371342077,
    0.5131180625630676,
    0.558526740665994,
    0.5731584258324924,
    0.5590312815338042,
    0.5509586276488395,
    0.5650857719475277,
    0.5590312815338042,
    0.5857719475277497,
    0.5761856710393541,
    0.5544904137235116,
    0.5549949545913219,
    0.5701311806256307,
    0.5640766902119072
  ]
}