{
  "conservative": {
    "precision": 0.7214285714285714,
    "recall": 0.7318840579710145,
    "f1-score": 0.7266187050359713,
    "support": 138
  },
  "dressy": {
    "precision": 0.9696969696969697,
    "recall": 0.9552238805970149,
    "f1-score": 0.9624060150375939,
    "support": 134
  },
  "ethnic": {
    "precision": 0.9468085106382979,
    "recall": 0.689922480620155,
    "f1-score": 0.7982062780269058,
    "support": 129
  },
  "fairy": {
    "precision": 0.9492753623188406,
    "recall": 0.9097222222222222,
    "f1-score": 0.9290780141843973,
    "support": 144
  },
  "feminine": {
    "precision": 0.6445783132530121,
    "recall": 0.8842975206611571,
    "f1-score": 0.745644599303136,
    "support": 121
  },
  "gal": {
    "precision": 0.8026315789473685,
    "recall": 0.8531468531468531,
    "f1-score": 0.8271186440677967,
    "support": 143
  },
  "girlish": {
    "precision": 0.7401574803149606,
    "recall": 0.5662650602409639,
    "f1-score": 0.6416382252559728,
    "support": 166
  },
  "kireime-casual": {
    "precision": 0.688622754491018,
    "recall": 0.7278481012658228,
    "f1-score": 0.7076923076923076,
    "support": 158
  },
  "lolita": {
    "precision": 0.9221556886227545,
    "recall": 0.9685534591194969,
    "f1-score": 0.9447852760736196,
    "support": 159
  },
  "mode": {
    "precision": 0.8148148148148148,
    "recall": 0.8301886792452831,
    "f1-score": 0.8224299065420562,
    "support": 159
  },
  "natural": {
    "precision": 0.7898550724637681,
    "recall": 0.8449612403100775,
    "f1-score": 0.8164794007490637,
    "support": 129
  },
  "retro": {
    "precision": 0.8333333333333334,
    "recall": 0.7480314960629921,
    "f1-score": 0.7883817427385892,
    "support": 127
  },
  "rock": {
    "precision": 0.8014705882352942,
    "recall": 0.9008264462809917,
    "f1-score": 0.848249027237354,
    "support": 121
  },
  "street": {
    "precision": 0.9261744966442953,
    "recall": 0.8961038961038961,
    "f1-score": 0.9108910891089109,
    "support": 154
  },
  "accuracy": 0.8193743693239153,
  "macro avg": {
    "precision": 0.8250716810859499,
    "recall": 0.8219268138462815,
    "f1-score": 0.8192585165038341,
    "support": 1982
  },
  "weighted avg": {
    "precision": 0.8255706745031117,
    "recall": 0.8193743693239153,
    "f1-score": 0.818452483310843,
    "support": 1982
  }
}