{
  "train_loss": [
    2.135930150566835,
    1.404366473019587,
    1.0841588952520598,
    0.9168702266501282,
    0.8169514641929483,
    0.7228042783004563,
    0.6712189284846135,
    0.6261780523789413,
    0.5986745496794894,
    0.5632318633593137,
    0.5273302566374097,
    0.497740800151427,
    0.4734721978434917,
    0.4472757747180965,
    0.43427520508222445,
    0.4131955618874338,
    0.39749918786081656,
    0.367318549398887,
    0.3615587527564832,
    0.34646752450971435
  ],
  "val_loss": [
    1.3472310792425446,
    0.9624146320279142,
    0.8173465054824302,
    0.6895788911801475,
    0.6438397796097184,
    0.6166785626003084,
    0.6392034317294416,
    0.5445163902647109,
    0.585284628121109,
    0.5308433595234688,
    0.526285036270954,
    0.5418505885862199,
    0.5475559123245154,
    0.5534020463896707,
    0.5509710582044413,
    0.5345610572935827,
    0.5403675105707224,
    0.5366401781766151,
    0.544686410740273,
    0.5571756164698938
  ],
  "val_macro_f1": [
    0.4538970259633177,
    0.6634851228839814,
    0.6992838283208027,
    0.7585003563813052,
    0.7715442588517701,
    0.7815673103726398,
    0.7827594445219624,
    0.8157558097908758,
    0.8042080137006843,
    0.8158200471901502,
    0.820797807897324,
    0.8187315410578319,
    0.8214516749165041,
    0.8210629468583208,
    0.8278438558143085,
    0.8246641871748864,
    0.8236651031961408,
    0.8360112076580141,
    0.8136768079565675,
    0.834320437200423
  ],
  "train_acc": [
    0.26189446366782004,
    0.4874567474048443,
    0.6140787197231834,
    0.6776600346020761,
    0.7155060553633218,
    0.7514057093425606,
    0.7748702422145328,
    0.7887110726643599,
    0.7988754325259516,
    0.8116349480968859,
    0.8230968858131488,
    0.8333693771626297,
    0.8418036332179931,
    0.8527249134948097,
    0.8576989619377162,
    0.865916955017301,
    0.8675389273356401,
    0.8812716262975778,
    0.8817041522491349,
    0.8877595155709342
  ],
  "val_acc": [
    0.5257315842583249,
    0.6730575176589304,
    0.7073662966700303,
    0.7623612512613521,
    0.7754793138244198,
    0.7825428859737639,
    0.7855701311806257,
    0.8163471241170535,
    0.8047426841574168,
    0.8173562058526741,
    0.8218970736629667,
    0.8208879919273461,
    0.8218970736629667,
    0.8218970736629667,
    0.829465186680121,
    0.8254288597376388,
    0.8234106962663976,
    0.8350151362260343,
    0.8168516649848637,
    0.8355196770938446
  ]
}