{
  "train_loss": [
    2.581365040841812,
    2.3087708983041835,
    1.9727697363155523,
    1.614497120869201,
    1.28852381224657,
    1.0294058955690233,
    0.7907994292599108,
    0.6687672996835519,
    0.5354202939487452,
    0.42328805497051525,
    0.3744810273593685,
    0.3237436211000883,
    0.27995200603426945,
    0.2591171949895608,
    0.252502211250339,
    0.2173299846403739
  ],
  "val_loss": [
    2.348293208209826,
    2.024900373127819,
    1.7608785619649108,
    1.4784390039809656,
    1.5197207409245697,
    1.449272334876383,
    1.571579814558674,
    1.7075967864480197,
    1.8701155496654067,
    1.7967453040220183,
    1.9148814246344157,
    2.0535879845455605,
    1.9082242901221775,
    2.1534802354308358,
    2.463008902688801,
    2.0075154140907387
  ],
  "val_macro_f1": [
    0.1656612380346461,
    0.3248364457368772,
    0.4109457273351582,
    0.49800953252081903,
    0.5211936718282706,
    0.5461863351035035,
    0.5384609912601246,
    0.5530143885737153,
    0.5273121964473338,
    0.5555502713525252,
    0.562453208799467,
    0.555595015164206,
    0.5462689970954767,
    0.5297350483788903,
    0.5153873433412051,
    0.5480435028811087
  ],
  "train_acc": [
    0.1245674740484429,
    0.2203719723183391,
    0.34710207612456745,
    0.4688581314878893,
    0.5738538062283737,
    0.6681444636678201,
    0.7475129757785467,
    0.7934688581314879,
    0.8366133217993079,
    0.8748918685121108,
    0.8942474048442907,
    0.9099264705882353,
    0.9238754325259516,
    0.9313365051903114,
    0.9324178200692042,
    0.9436634948096886
  ],
  "val_acc": [
    0.2401614530776993,
    0.3546922300706357,
    0.4313824419778002,
    0.5171543895055499,
    0.5267406659939455,
    0.5464177598385469,
    0.5373360242179617,
    0.5580221997981837,
    0.5191725529767911,
    0.5534813319878911,
    0.5539858728557013,
    0.5560040363269425,
    0.5494450050454087,
    0.5282542885973764,
    0.520686175580222,
    0.5534813319878911
  ]
}