{
  "conservative": {
    "precision": 0.7070063694267515,
    "recall": 0.8043478260869565,
    "f1-score": 0.7525423728813558,
    "support": 138
  },
  "dressy": {
    "precision": 0.9769230769230769,
    "recall": 0.9477611940298507,
    "f1-score": 0.962121212121212,
    "support": 134
  },
  "ethnic": {
    "precision": 0.8148148148148148,
    "recall": 0.8527131782945736,
    "f1-score": 0.8333333333333333,
    "support": 129
  },
  "fairy": {
    "precision": 0.9324324324324325,
    "recall": 0.965034965034965,
    "f1-score": 0.9484536082474226,
    "support": 143
  },
  "feminine": {
    "precision": 0.8490566037735849,
    "recall": 0.743801652892562,
    "f1-score": 0.7929515418502202,
    "support": 121
  },
  "gal": {
    "precision": 0.8391608391608392,
    "recall": 0.8391608391608392,
    "f1-score": 0.8391608391608392,
    "support": 143
  },
  "girlish": {
    "precision": 0.7197452229299363,
    "recall": 0.6807228915662651,
    "f1-score": 0.6996904024767802,
    "support": 166
  },
  "kireime-casual": {
    "precision": 0.7697841726618705,
    "recall": 0.6772151898734177,
    "f1-score": 0.7205387205387205,
    "support": 158
  },
  "lolita": {
    "precision": 0.9627329192546584,
    "recall": 0.96875,
    "f1-score": 0.9657320872274143,
    "support": 160
  },
  "mode": {
    "precision": 0.8076923076923077,
    "recall": 0.7924528301886793,
    "f1-score": 0.7999999999999999,
    "support": 159
  },
  "natural": {
    "precision": 0.7887323943661971,
    "recall": 0.8682170542635659,
    "f1-score": 0.8265682656826567,
    "support": 129
  },
  "retro": {
    "precision": 0.8099173553719008,
    "recall": 0.7716535433070866,
    "f1-score": 0.7903225806451613,
    "support": 127
  },
  "rock": {
    "precision": 0.7676056338028169,
    "recall": 0.9008264462809917,
    "f1-score": 0.8288973384030418,
    "support": 121
  },
  "street": {
    "precision": 0.9379310344827586,
    "recall": 0.8831168831168831,
    "f1-score": 0.9096989966555183,
    "support": 154
  },
  "accuracy": 0.8335015136226034,
  "macro avg": {
    "precision": 0.8345382269352818,
    "recall": 0.8354124638640456,
    "f1-score": 0.8335722356588341,
    "support": 1982
  },
  "weighted avg": {
    "precision": 0.8350913035271749,
    "recall": 0.8335015136226034,
    "f1-score": 0.832971971990158,
    "support": 1982
  }
}