{
  "train_loss": [
    2.239190420889937,
    1.4198037341662448,
    1.1207366853333673,
    0.9644196425712825,
    0.8649331718227249,
    0.7838296866589016,
    0.7293891059669785,
    0.6805878283788698,
    0.6554450745714279,
    0.6272029089156311,
    0.6074392917355729,
    0.5805640017112659,
    0.5650264179264759,
    0.5448191586732228,
    0.5292738651595752,
    0.5110572608410655,
    0.4941778706341519,
    0.48993198737366345,
    0.4830952526796666,
    0.46708908927036574
  ],
  "val_loss": [
    1.496604982707142,
    1.029635303737417,
    0.8200576976768665,
    0.7191605588682485,
    0.6539823901054838,
    0.614162094849721,
    0.5817543519012381,
    0.561069212175387,
    0.5436384517597984,
    0.5320562975467995,
    0.524537450578496,
    0.5224434136395182,
    0.5147627632704109,
    0.5101260364790542,
    0.5042793921817106,
    0.4997751215843091,
    0.49711531898059425,
    0.4971720625253584,
    0.4856223844862933,
    0.48719130759009965
  ],
  "val_macro_f1": [
    0.5765693322086346,
    0.7043089405272414,
    0.7505892299091889,
    0.7795044841643554,
    0.7895693479894519,
    0.7941045715801355,
    0.797965194203309,
    0.804689178787779,
    0.8167000164653057,
    0.8130324821969747,
    0.811708329365729,
    0.8132518936058057,
    0.8176217563179887,
    0.8149057409214097,
    0.825075958468746,
    0.8228310767142297,
    0.8225378592718158,
    0.8232735953056901,
    0.8291258721025835,
    0.8282664707385782
  ],
  "train_acc": [
    0.2937932525951557,
    0.5325475778546713,
    0.6227292387543253,
    0.671280276816609,
    0.7048010380622838,
    0.7309688581314879,
    0.7492430795847751,
    0.7665441176470589,
    0.776924740484429,
    0.7853589965397924,
    0.7936851211072664,
    0.8019031141868512,
    0.8042820069204152,
    0.8140138408304498,
    0.8187716262975778,
    0.8246107266435986,
    0.8309904844290658,
    0.8286115916955017,
    0.8334775086505191,
    0.8405060553633218
  ],
  "val_acc": [
    0.6064581231079718,
    0.7124117053481333,
    0.7558022199798183,
    0.7820383451059536,
    0.7916246215943491,
    0.7956609485368314,
    0.7991927346115035,
    0.8062563067608476,
    0.8163471241170535,
    0.8133198789101918,
    0.8118062563067608,
    0.8133198789101918,
    0.8173562058526741,
    0.8148335015136225,
    0.8254288597376388,
    0.8234106962663976,
    0.822401614530777,
    0.8229061553985872,
    0.829465186680121,
    0.82744702320888
  ]
}