{
  "train_loss": [
    2.635446608066559,
    2.597456053879022,
    2.5135870394409734,
    2.404349111665079,
    2.3265715073342967,
    2.2770185045717497,
    2.244569038024823,
    2.212063693154642,
    2.1789090086844554,
    2.1684794958075027,
    2.1542441733568185,
    2.136710311920998,
    2.1235648150262536,
    2.1108490414272953,
    2.1017899801986855,
    2.0930149359274077,
    2.073690514972878,
    2.0598707175378568,
    2.0568879688074846,
    2.0468448422153105
  ],
  "val_loss": [
    2.6156893522299143,
    2.5262385942380194,
    2.3817957383472432,
    2.263251890087224,
    2.182219139863215,
    2.140179416486161,
    2.1032596051873402,
    2.0766926887177313,
    2.0492126016636067,
    2.046680800488931,
    2.014095675812961,
    2.004219640997416,
    1.9800309237509996,
    1.9675437238454578,
    1.9501315366127177,
    1.941990381172519,
    1.9326802450039553,
    1.9179912673236144,
    1.9135947611209243,
    1.8961200878911255
  ],
  "val_macro_f1": [
    0.10040888975380667,
    0.16630822860126934,
    0.14482201561914992,
    0.19734480956493036,
    0.20427981391973415,
    0.22353480762023473,
    0.23315546704378634,
    0.24860292512567392,
    0.25558718658565255,
    0.25517375197316045,
    0.27612129575058325,
    0.2712065678765664,
    0.2837968581050518,
    0.28927531474327234,
    0.31017424671375043,
    0.30567630498427967,
    0.2961148440947166,
    0.31207978386813556,
    0.3119779576346366,
    0.32639382578191684
  ],
  "train_acc": [
    0.08542387543252596,
    0.12683823529411764,
    0.1656574394463668,
    0.1919333910034602,
    0.21074826989619377,
    0.22902249134948097,
    0.23356401384083045,
    0.24416089965397925,
    0.2570285467128028,
    0.26048875432525953,
    0.2639489619377163,
    0.267409169550173,
    0.2740051903114187,
    0.27984429065743943,
    0.2825475778546713,
    0.2896842560553633,
    0.2991998269896194,
    0.3014705882352941,
    0.3056877162629758,
    0.30287629757785467
  ],
  "val_acc": [
    0.156912209889001,
    0.22754793138244198,
    0.22754793138244198,
    0.26387487386478303,
    0.26639757820383453,
    0.2785065590312815,
    0.289606458123108,
    0.29969727547931385,
    0.3007063572149344,
    0.30373360242179614,
    0.3213925327951564,
    0.31987891019172554,
    0.32896064581231077,
    0.32694248234106965,
    0.34359233097880926,
    0.3496468213925328,
    0.3360242179616549,
    0.35519677093844604,
    0.35317860746720486,
    0.363773965691221
  ]
}