{
  "train_loss": [
    2.632864550116978,
    2.5990584078132075,
    2.5141190158454605,
    2.412303883724147,
    2.3281027589083543,
    2.278814079130397,
    2.2370975766214944,
    2.2197240777700418,
    2.1890380657874178,
    2.1665095204300533,
    2.153954601720955,
    2.1291232710272383,
    2.1186379412878757,
    2.1105180355916797,
    2.099232131067444,
    2.081061831601351,
    2.0810012369832367,
    2.056346317682299,
    2.048063390188976,
    2.0467666367964763
  ],
  "val_loss": [
    2.6144068671764447,
    2.5292592909935143,
    2.385600562292921,
    2.268262339408174,
    2.184711788785686,
    2.137881364759836,
    2.105975052663224,
    2.0763433469171844,
    2.0464394799876287,
    2.0624500587657772,
    2.014535247978842,
    1.9995006437138039,
    1.9716358124668494,
    1.9657159865684395,
    1.9451946383407932,
    1.9431349912397076,
    1.942426124326396,
    1.920006752495328,
    1.9079371107334326,
    1.8962420032676366
  ],
  "val_macro_f1": [
    0.09315574046849376,
    0.15950653836877393,
    0.17997628943038804,
    0.18734886973955486,
    0.2075096320591666,
    0.2311614237281184,
    0.2265455280777294,
    0.24763005999211404,
    0.2609378573350543,
    0.2562928146766971,
    0.2637240648828242,
    0.28802128352100226,
    0.2937792905474422,
    0.2884869123856428,
    0.31099455981757107,
    0.3020079795939288,
    0.29483068990720657,
    0.3043021597739362,
    0.31429052775055455,
    0.32532932516217894
  ],
  "train_acc": [
    0.08910034602076125,
    0.12218858131487889,
    0.1680363321799308,
    0.18998702422145328,
    0.21280276816608998,
    0.22210207612456748,
    0.23475346020761245,
    0.23399653979238755,
    0.254757785467128,
    0.2572448096885813,
    0.27065311418685123,
    0.2678416955017301,
    0.2766003460207612,
    0.2844939446366782,
    0.28957612456747406,
    0.2884948096885813,
    0.29573961937716264,
    0.298659169550173,
    0.3056877162629758,
    0.30298442906574397
  ],
  "val_acc": [
    0.16498486377396568,
    0.23007063572149344,
    0.24571140262361252,
    0.2467204843592331,
    0.26639757820383453,
    0.281029263370333,
    0.28002018163471243,
    0.2951564076690212,
    0.3007063572149344,
    0.30272452068617556,
    0.31533804238143287,
    0.3304742684157417,
    0.3375378405650858,
    0.3294651866801211,
    0.34460141271442984,
    0.346619576185671,
    0.33804238143289606,
    0.346619576185671,
    0.35267406659939454,
    0.363773965691221
  ]
}