{
  "conservative": {
    "precision": 0.7832167832167832,
    "recall": 0.8115942028985508,
    "f1-score": 0.7971530249110319,
    "support": 138
  },
  "dressy": {
    "precision": 0.9492753623188406,
    "recall": 0.9703703703703703,
    "f1-score": 0.9597069597069596,
    "support": 135
  },
  "ethnic": {
    "precision": 0.9,
    "recall": 0.7674418604651163,
    "f1-score": 0.8284518828451884,
    "support": 129
  },
  "fairy": {
    "precision": 0.9214285714285714,
    "recall": 0.9020979020979021,
    "f1-score": 0.911660777385159,
    "support": 143
  },
  "feminine": {
    "precision": 0.7285714285714285,
    "recall": 0.8429752066115702,
    "f1-score": 0.7816091954022988,
    "support": 121
  },
  "gal": {
    "precision": 0.8863636363636364,
    "recall": 0.8181818181818182,
    "f1-score": 0.850909090909091,
    "support": 143
  },
  "girlish": {
    "precision": 0.7295597484276729,
    "recall": 0.6987951807228916,
    "f1-score": 0.7138461538461537,
    "support": 166
  },
  "kireime-casual": {
    "precision": 0.7450980392156863,
    "recall": 0.7215189873417721,
    "f1-score": 0.7331189710610932,
    "support": 158
  },
  "lolita": {
    "precision": 0.9230769230769231,
    "recall": 0.975,
    "f1-score": 0.9483282674772037,
    "support": 160
  },
  "mode": {
    "precision": 0.8431372549019608,
    "recall": 0.8113207547169812,
    "f1-score": 0.826923076923077,
    "support": 159
  },
  "natural": {
    "precision": 0.8208955223880597,
    "recall": 0.8527131782945736,
    "f1-score": 0.8365019011406843,
    "support": 129
  },
  "retro": {
    "precision": 0.7938931297709924,
    "recall": 0.8188976377952756,
    "f1-score": 0.8062015503875969,
    "support": 127
  },
  "rock": {
    "precision": 0.7785714285714286,
    "recall": 0.9008264462809917,
    "f1-score": 0.8352490421455938,
    "support": 121
  },
  "street": {
    "precision": 0.9142857142857143,
    "recall": 0.8366013071895425,
    "f1-score": 0.8737201365187712,
    "support": 153
  },
  "accuracy": 0.8355196770938446,
  "macro avg": {
    "precision": 0.8369552530384071,
    "recall": 0.8377382037833826,
    "f1-score": 0.8359557164757073,
    "support": 1982
  },
  "weighted avg": {
    "precision": 0.8377416070822464,
    "recall": 0.8355196770938446,
    "f1-score": 0.8353406971854417,
    "support": 1982
  }
}