{
  "train_loss": [
    2.2125800069692225,
    1.3810966949278303,
    1.0889339865891063,
    0.9258519059440257,
    0.8329153016498022,
    0.7605996582637763,
    0.7155876523488005,
    0.6755316569727675,
    0.6515902082700037,
    0.6249464125091301,
    0.5995385845329341,
    0.577206847022866,
    0.5717199027367503,
    0.5455288608615072,
    0.5320289285895701,
    0.5170929163688238,
    0.5075210958262454,
    0.4857223063552668,
    0.4842640169570454,
    0.4697678513514717
  ],
  "val_loss": [
    1.4585431756453606,
    0.9696571513273642,
    0.771738458684186,
    0.6772217205025474,
    0.6252816628465498,
    0.5777172989143372,
    0.5614050533152612,
    0.535014013772009,
    0.520740327339781,
    0.5112691312524613,
    0.49927165564506737,
    0.4925059436187975,
    0.48351539291937645,
    0.474318675978784,
    0.4709361618860248,
    0.46757395844624633,
    0.46115190080460067,
    0.46111862964394357,
    0.4585729844235711,
    0.4557616181364311
  ],
  "val_macro_f1": [
    0.6313939731880812,
    0.723133261761788,
    0.7650645473587631,
    0.7791298199177509,
    0.7857289552633853,
    0.7970986527913553,
    0.7967532564399278,
    0.8059228117106948,
    0.8072020307191414,
    0.8169422389178889,
    0.8219680929775166,
    0.8166161503233414,
    0.8186379991376371,
    0.8251887301033152,
    0.8288735863720701,
    0.8274866359313423,
    0.82980593552867,
    0.8355194238696422,
    0.8352368133633646,
    0.8312598194898003
  ],
  "train_acc": [
    0.31747404844290655,
    0.5442257785467128,
    0.632893598615917,
    0.6870674740484429,
    0.7170198961937716,
    0.7415657439446367,
    0.7560553633217993,
    0.7684904844290658,
    0.7839532871972318,
    0.7882785467128027,
    0.7924956747404844,
    0.801794982698962,
    0.804606401384083,
    0.8135813148788927,
    0.8147707612456747,
    0.8236375432525952,
    0.8305579584775087,
    0.8365051903114187,
    0.8362889273356401,
    0.8362889273356401
  ],
  "val_acc": [
    0.649848637739657,
    0.7295660948536832,
    0.7669021190716448,
    0.7805247225025227,
    0.7870837537840565,
    0.798183652875883,
    0.7986881937436933,
    0.8072653884964682,
    0.8082744702320888,
    0.8178607467204844,
    0.822401614530777,
    0.8178607467204844,
    0.8193743693239153,
    0.8254288597376388,
    0.8279515640766902,
    0.82744702320888,
    0.8299697275479314,
    0.834510595358224,
    0.8355196770938446,
    0.830978809283552
  ]
}