{
  "conservative": {
    "precision": 0.7708333333333334,
    "recall": 0.8043478260869565,
    "f1-score": 0.7872340425531915,
    "support": 138
  },
  "dressy": {
    "precision": 0.948905109489051,
    "recall": 0.9629629629629629,
    "f1-score": 0.9558823529411765,
    "support": 135
  },
  "ethnic": {
    "precision": 0.8759124087591241,
    "recall": 0.9302325581395349,
    "f1-score": 0.9022556390977443,
    "support": 129
  },
  "fairy": {
    "precision": 0.918918918918919,
    "recall": 0.951048951048951,
    "f1-score": 0.9347079037800687,
    "support": 143
  },
  "feminine": {
    "precision": 0.8518518518518519,
    "recall": 0.7603305785123967,
    "f1-score": 0.8034934497816595,
    "support": 121
  },
  "gal": {
    "precision": 0.8648648648648649,
    "recall": 0.8951048951048951,
    "f1-score": 0.879725085910653,
    "support": 143
  },
  "girlish": {
    "precision": 0.7428571428571429,
    "recall": 0.6265060240963856,
    "f1-score": 0.6797385620915033,
    "support": 166
  },
  "kireime-casual": {
    "precision": 0.7407407407407407,
    "recall": 0.759493670886076,
    "f1-score": 0.75,
    "support": 158
  },
  "lolita": {
    "precision": 0.9803921568627451,
    "recall": 0.9433962264150944,
    "f1-score": 0.9615384615384616,
    "support": 159
  },
  "mode": {
    "precision": 0.7976190476190477,
    "recall": 0.8427672955974843,
    "f1-score": 0.8195718654434252,
    "support": 159
  },
  "natural": {
    "precision": 0.8382352941176471,
    "recall": 0.8837209302325582,
    "f1-score": 0.8603773584905661,
    "support": 129
  },
  "retro": {
    "precision": 0.8203125,
    "recall": 0.8267716535433071,
    "f1-score": 0.823529411764706,
    "support": 127
  },
  "rock": {
    "precision": 0.8062015503875969,
    "recall": 0.859504132231405,
    "f1-score": 0.8320000000000001,
    "support": 121
  },
  "street": {
    "precision": 0.9305555555555556,
    "recall": 0.8701298701298701,
    "f1-score": 0.8993288590604027,
    "support": 154
  },
  "accuracy": 0.8486377396569122,
  "macro avg": {
    "precision": 0.8491571768112586,
    "recall": 0.8511655410705627,
    "f1-score": 0.8492416423181115,
    "support": 1982
  },
  "weighted avg": {
    "precision": 0.8485611168131502,
    "recall": 0.8486377396569122,
    "f1-score": 0.847648193766082,
    "support": 1982
  }
}