{
  "train_loss": [
    2.2043150562316076,
    1.40728904279819,
    1.103563436890298,
    0.9391495802320514,
    0.8426357748898899,
    0.7773406536062167,
    0.7216222918581114,
    0.6928743888740025,
    0.6490060065479814,
    0.6273160167262006,
    0.5977362069870493,
    0.5871974898942917,
    0.5576928096323291,
    0.5462592660030914,
    0.5285959223484311,
    0.5164381662298277,
    0.5003516665378072,
    0.4879667631158715,
    0.48452193095130447,
    0.47382887142582897
  ],
  "val_loss": [
    1.4848764679506496,
    1.0182604318189572,
    0.8159758774291134,
    0.7034453297509435,
    0.6530909452636234,
    0.6158398271178381,
    0.5877906870205937,
    0.5598167272963148,
    0.5471042952191096,
    0.5344446520353964,
    0.525447829659393,
    0.5242156403253887,
    0.5090508971571938,
    0.5085400602095183,
    0.5076516440117546,
    0.5019204835769251,
    0.4961856482517609,
    0.497933571170508,
    0.4949709986783865,
    0.4986156150538899
  ],
  "val_macro_f1": [
    0.5884869918636826,
    0.7454532300582952,
    0.7550016640575625,
    0.7800128951882066,
    0.7897736336802165,
    0.7947110553364259,
    0.7995399638940783,
    0.8094306474323961,
    0.8089240618099047,
    0.8084483409738201,
    0.8127116146818985,
    0.8151514619921107,
    0.8195151001531441,
    0.8163787698897395,
    0.8168735093936252,
    0.8182680609713306,
    0.8236573587233292,
    0.8163366297679904,
    0.8190272635575487,
    0.8190793051468692
  ],
  "train_acc": [
    0.3100129757785467,
    0.5251946366782007,
    0.6296496539792388,
    0.6758217993079585,
    0.7093425605536332,
    0.7331314878892734,
    0.7544333910034602,
    0.763840830449827,
    0.779628027681661,
    0.7830882352941176,
    0.7923875432525952,
    0.8008217993079585,
    0.8104455017301038,
    0.8125,
    0.820393598615917,
    0.8241782006920415,
    0.8246107266435986,
    0.834234429065744,
    0.8338019031141869,
    0.8371539792387543
  ],
  "val_acc": [
    0.627648839556004,
    0.7492431886982845,
    0.7588294651866802,
    0.7825428859737639,
    0.7880928355196771,
    0.7951564076690212,
    0.7991927346115035,
    0.8092835519677094,
    0.8092835519677094,
    0.8082744702320888,
    0.8118062563067608,
    0.8143289606458123,
    0.8193743693239153,
    0.8158425832492432,
    0.8163471241170535,
    0.8178607467204844,
    0.8229061553985872,
    0.8163471241170535,
    0.8188698284561049,
    0.8178607467204844
  ]
}